seconcilio,calc,p_actor,calc_x_pactor,time_hr,d_anioC2,d_anioC3,d_anioC4,d_anioC5,d_anioC6,d_anioC7,d_num2,d_num3,d_junta2,d_junta3,d_junta4,d_junta5,phase,cluster_v
0,1,0,0,1,0,0,0,0,0,1,0,0,0,0,0,0,2,1482
0,1,0,0,1,0,0,0,0,0,1,0,0,0,0,0,0,2,1482
0,1,0,0,1,0,0,0,0,0,1,0,0,0,0,0,0,2,1482
0,1,0,0,2,0,0,0,0,0,1,0,0,0,0,0,0,2,1482
0,1,0,0,3,0,0,0,0,0,1,0,0,0,0,0,0,2,1482
0,1,0,0,3,0,0,0,0,0,1,0,0,0,0,0,0,2,1482
0,1,1,1,5,0,0,0,0,0,1,0,0,0,0,0,0,2,1482
0,1,0,0,4,0,0,0,0,0,1,0,0,0,0,0,0,2,1482
0,1,0,0,4,0,0,0,0,0,1,0,0,0,0,0,0,2,1482
1,1,1,1,4,0,0,0,0,0,1,0,0,0,0,0,0,2,1482
0,1,1,1,5,0,0,0,0,0,1,0,0,0,0,0,0,2,1482
0,1,0,0,5,0,0,0,0,0,1,0,0,0,0,0,0,2,1482
0,1,0,0,5,0,0,0,0,0,1,0,0,0,0,0,0,2,1482
0,1,0,0,5,0,0,0,0,0,1,0,0,0,0,0,0,2,1482
1,1,0,0,7,0,0,0,0,0,1,0,0,0,0,0,0,2,1482
1,1,0,0,6,0,0,0,0,0,1,0,0,0,0,0,0,2,1482
0,1,0,0,7,0,0,0,0,0,1,0,0,0,0,0,0,2,1482
0,1,0,0,7,0,0,0,0,0,1,0,0,0,0,0,0,2,1482
0,1,0,0,1,0,0,0,0,0,1,0,0,0,0,0,0,2,1483
0,1,1,1,2,0,0,0,0,0,1,0,0,0,0,0,0,2,1483
0,1,0,0,2,0,0,0,0,0,1,0,0,0,0,0,0,2,1483
0,1,0,0,6,0,0,0,0,0,1,0,0,0,0,0,0,2,1483
0,1,0,0,5,0,0,0,0,0,1,0,0,0,0,0,0,2,1483
1,1,1,1,7,0,0,0,0,0,1,0,0,0,0,0,0,2,1483
0,1,0,0,5,0,0,0,0,0,1,0,0,0,0,0,0,2,1483
0,1,0,0,3,0,0,0,0,0,1,0,0,0,0,0,0,2,1483
0,1,0,0,3,0,0,0,0,0,1,0,0,0,0,0,0,2,1483
1,1,0,0,3,0,0,0,0,0,1,0,0,0,0,0,0,2,1483
0,1,0,0,6,0,0,0,0,0,1,0,0,0,0,0,0,2,1483
0,1,0,0,5,0,0,0,0,0,1,0,0,0,0,0,0,2,1483
0,1,0,0,6,0,0,0,0,0,1,0,0,0,0,0,0,2,1483
0,1,1,1,7,0,0,0,0,0,1,0,0,0,0,0,0,2,1483
0,1,0,0,1,0,0,0,0,0,1,0,0,0,0,0,0,2,1484
0,1,0,0,1,0,0,0,0,0,1,0,0,0,0,0,0,2,1484
0,1,0,0,1,0,0,0,0,0,1,0,0,0,0,0,0,2,1484
0,1,0,0,3,0,0,0,0,0,1,0,0,0,0,0,0,2,1484
0,1,0,0,2,0,0,0,0,0,1,0,0,0,0,0,0,2,1484
1,1,0,0,2,0,0,0,0,0,1,0,0,0,0,0,0,2,1484
0,1,0,0,4,0,0,0,0,0,1,0,0,0,0,0,0,2,1484
0,1,0,0,4,0,0,0,0,0,1,0,0,0,0,0,0,2,1484
1,1,1,1,4,0,0,0,0,0,1,0,0,0,0,0,0,2,1484
0,1,0,0,4,0,0,0,0,0,1,0,0,0,0,0,0,2,1484
0,1,0,0,5,0,0,0,0,0,1,0,0,0,0,0,0,2,1484
0,1,0,0,5,0,0,0,0,0,1,0,0,0,0,0,0,2,1484
1,1,0,0,7,0,0,0,0,0,1,0,0,0,0,0,0,2,1484
0,1,0,0,6,0,0,0,0,0,1,0,0,0,0,0,0,2,1484
1,1,1,1,7,0,0,0,0,0,1,0,0,0,0,0,0,2,1484
0,1,0,0,1,0,0,0,0,0,1,0,0,0,0,0,0,2,1485
0,1,1,1,3,0,0,0,0,0,1,0,0,0,0,0,0,2,1485
0,1,0,0,1,0,0,0,0,0,1,0,0,0,0,0,0,2,1485
0,1,0,0,1,0,0,0,0,0,1,0,0,0,0,0,0,2,1485
0,1,0,0,2,0,0,0,0,0,1,0,0,0,0,0,0,2,1485
0,1,0,0,2,0,0,0,0,0,1,0,0,0,0,0,0,2,1485
0,1,1,1,2,0,0,0,0,0,1,0,0,0,0,0,0,2,1485
0,1,0,0,3,0,0,0,0,0,1,0,0,0,0,0,0,2,1485
0,1,0,0,4,0,0,0,0,0,1,0,0,0,0,0,0,2,1485
0,1,0,0,4,0,0,0,0,0,1,0,0,0,0,0,0,2,1485
0,1,0,0,4,0,0,0,0,0,1,0,0,0,0,0,0,2,1485
0,1,0,0,5,0,0,0,0,0,1,0,0,0,0,0,0,2,1485
0,1,1,1,7,0,0,0,0,0,1,0,0,0,0,0,0,2,1485
0,1,0,0,1,0,0,0,0,0,1,0,0,0,0,0,0,2,1486
0,1,0,0,3,0,0,0,0,0,1,1,0,0,0,0,0,2,1486
0,1,0,0,3,0,0,0,0,0,1,1,0,0,0,0,0,2,1486
0,1,0,0,2,0,0,0,0,0,1,0,0,0,0,0,0,2,1486
0,1,0,0,3,0,0,0,0,0,1,0,0,0,0,0,0,2,1486
1,1,0,0,5,0,0,0,0,0,1,0,0,0,0,0,0,2,1486
0,1,0,0,4,0,0,0,0,0,1,0,0,0,0,0,0,2,1486
0,1,0,0,4,0,0,0,0,0,1,0,0,0,0,0,0,2,1486
1,1,0,0,4,0,0,0,0,0,1,0,0,0,0,0,0,2,1486
0,1,1,1,6,0,0,0,0,0,1,0,0,0,0,0,0,2,1486
0,1,0,0,6,0,0,0,0,0,1,0,0,0,0,0,0,2,1486
0,0,0,0,1,0,0,0,0,0,1,0,0,0,0,0,0,2,1487
0,0,0,0,1,0,0,0,0,0,1,0,1,0,0,0,0,2,1487
0,0,0,0,1,0,0,0,0,0,1,0,0,0,0,0,0,2,1487
0,0,0,0,1,0,0,0,0,0,1,0,0,0,0,0,0,2,1487
1,0,0,0,2,0,0,0,0,0,1,0,0,0,0,0,0,2,1487
1,0,1,0,2,0,0,0,0,0,1,0,0,0,0,0,0,2,1487
0,0,0,0,2,0,0,0,0,0,1,0,0,0,0,0,0,2,1487
0,0,1,0,3,0,0,0,0,0,1,0,0,0,0,0,0,2,1487
0,0,0,0,5,0,0,0,0,0,1,0,0,0,0,0,0,2,1487
0,0,0,0,4,0,0,0,0,0,1,1,0,0,0,0,0,2,1487
0,0,0,0,4,0,0,0,0,0,1,0,0,0,0,0,0,2,1487
0,0,0,0,5,0,0,0,0,0,1,0,0,0,0,0,0,2,1487
0,0,0,0,6,0,0,0,0,0,1,0,0,0,0,0,0,2,1487
0,0,0,0,6,0,0,0,0,0,1,0,0,0,0,0,0,2,1487
0,0,0,0,5,0,0,0,0,0,1,0,0,0,0,0,0,2,1487
0,0,0,0,7,0,0,0,0,0,1,0,0,0,0,0,0,2,1487
0,0,0,0,7,0,0,0,0,0,1,0,0,0,0,0,0,2,1487
0,0,0,0,7,0,0,0,0,0,1,0,0,0,0,0,0,2,1487
0,1,0,0,1,0,0,0,0,0,1,0,0,0,0,0,0,2,1488
1,1,1,1,1,0,0,0,0,0,1,0,0,0,0,0,0,2,1488
0,1,0,0,2,0,0,0,0,0,1,0,0,0,0,0,0,2,1488
0,1,0,0,2,0,0,0,0,0,1,0,0,0,0,0,0,2,1488
0,1,0,0,2,0,0,0,0,0,1,0,0,0,0,0,0,2,1488
1,1,0,0,3,0,0,0,0,0,1,0,0,0,0,0,0,2,1488
0,1,0,0,4,0,0,0,0,0,1,0,0,0,0,0,0,2,1488
0,1,0,0,3,0,0,0,0,0,1,0,0,0,0,0,0,2,1488
0,1,0,0,3,0,0,0,0,0,1,0,0,0,0,0,0,2,1488
0,1,0,0,4,0,0,0,0,0,1,1,0,0,0,0,0,2,1488
0,1,0,0,4,0,0,0,0,0,1,0,0,0,0,0,0,2,1488
0,1,0,0,5,0,0,0,0,0,1,0,0,0,0,0,0,2,1488
0,1,0,0,5,0,0,0,0,0,1,0,0,0,0,0,0,2,1488
1,1,0,0,6,0,0,0,0,0,1,0,0,0,0,0,0,2,1488
0,1,0,0,7,0,0,0,0,0,1,0,0,0,0,0,0,2,1488
0,1,1,1,7,0,0,0,0,0,1,0,0,0,0,0,0,2,1488
0,1,0,0,1,0,0,0,0,0,1,0,0,0,0,0,0,2,1489
0,1,0,0,1,0,0,0,0,0,1,0,0,0,0,0,0,2,1489
0,1,0,0,2,0,0,0,0,0,1,0,0,0,0,0,0,2,1489
0,1,0,0,2,0,0,0,0,0,1,0,0,0,0,0,0,2,1489
0,1,0,0,2,0,0,0,0,0,1,0,0,0,0,0,0,2,1489
0,1,0,0,2,0,0,0,0,0,1,0,0,0,0,0,0,2,1489
0,1,1,1,3,0,0,0,0,0,1,0,0,0,0,0,0,2,1489
0,1,0,0,3,0,0,0,0,0,1,0,0,0,0,0,0,2,1489
0,1,0,0,3,0,0,0,0,0,1,0,0,0,0,0,0,2,1489
0,1,0,0,5,0,0,0,0,0,1,0,0,0,0,0,0,2,1489
0,1,0,0,4,0,0,0,0,0,1,0,0,0,0,0,0,2,1489
0,1,0,0,5,0,0,0,0,0,1,0,0,0,0,0,0,2,1489
0,1,0,0,6,0,0,0,0,0,1,0,0,0,0,0,0,2,1489
0,1,0,0,7,0,0,0,0,0,1,0,0,0,0,0,0,2,1489
0,1,0,0,6,0,0,0,0,0,1,0,0,0,0,0,0,2,1489
0,1,0,0,7,0,0,0,0,0,1,0,0,0,0,0,0,2,1489
0,1,1,1,1,0,0,0,0,0,1,0,0,0,0,0,0,2,1490
0,1,1,1,1,0,0,0,0,0,1,0,0,0,0,0,0,2,1490
0,1,0,0,1,0,0,0,0,0,1,0,0,0,0,0,0,2,1490
0,1,0,0,1,0,0,0,0,0,1,0,0,0,0,0,0,2,1490
1,1,1,1,1,0,0,0,0,0,1,0,0,0,0,0,0,2,1490
0,1,0,0,2,0,0,0,0,0,1,0,0,0,0,0,0,2,1490
0,1,0,0,1,0,0,0,0,0,1,0,0,0,0,0,0,2,1490
1,1,1,1,2,0,0,0,0,0,1,0,0,0,0,0,0,2,1490
0,1,0,0,3,0,0,0,0,0,1,0,0,0,0,0,0,2,1490
0,1,0,0,4,0,0,0,0,0,1,0,0,0,0,0,0,2,1490
1,1,0,0,4,0,0,0,0,0,1,0,0,0,0,0,0,2,1490
1,1,0,0,3,0,0,0,0,0,1,0,0,0,0,0,0,2,1490
1,1,0,0,3,0,0,0,0,0,1,0,0,0,0,0,0,2,1490
1,1,1,1,5,0,0,0,0,0,1,0,0,0,0,0,0,2,1490
0,1,0,0,5,0,0,0,0,0,1,0,0,0,0,0,0,2,1490
0,1,1,1,5,0,0,0,0,0,1,0,0,0,0,0,0,2,1490
0,1,0,0,5,0,0,0,0,0,1,0,0,0,0,0,0,2,1490
0,1,0,0,6,0,0,0,0,0,1,0,0,0,0,0,0,2,1490
0,1,1,1,7,0,0,0,0,0,1,0,0,0,0,0,0,2,1490
1,0,1,0,1,0,0,0,0,0,1,0,0,0,0,0,0,2,1491
0,0,0,0,2,0,0,0,0,0,1,1,0,0,0,0,0,2,1491
0,0,0,0,1,0,0,0,0,0,1,0,0,0,0,0,0,2,1491
0,0,0,0,1,0,0,0,0,0,1,0,0,0,0,0,0,2,1491
0,0,0,0,1,0,0,0,0,0,1,0,0,0,0,0,0,2,1491
0,0,0,0,2,0,0,0,0,0,1,0,0,0,0,0,0,2,1491
0,0,1,0,2,0,0,0,0,0,1,0,0,0,0,0,0,2,1491
0,0,0,0,3,0,0,0,0,0,1,0,0,0,0,0,0,2,1491
0,0,0,0,3,0,0,0,0,0,1,0,0,0,0,0,0,2,1491
0,0,0,0,3,0,0,0,0,0,1,0,0,0,0,0,0,2,1491
0,0,0,0,3,0,0,0,0,0,1,0,0,0,0,0,0,2,1491
1,0,0,0,4,0,0,0,0,0,1,0,0,0,0,0,0,2,1491
0,0,0,0,5,0,0,0,0,0,1,0,0,0,0,0,0,2,1491
0,0,0,0,4,0,0,0,0,0,1,0,0,0,0,0,0,2,1491
0,0,0,0,5,0,0,0,0,0,1,0,0,0,0,0,0,2,1491
0,0,0,0,6,0,0,0,0,0,1,0,0,0,0,0,0,2,1491
0,0,1,0,6,0,0,0,0,0,1,0,0,0,0,0,0,2,1491
0,0,0,0,6,0,0,0,0,0,1,1,0,0,0,0,0,2,1491
0,1,0,0,2,0,0,0,0,0,1,0,0,0,0,0,0,2,1492
0,1,1,1,2,0,0,0,0,0,1,0,0,0,0,0,0,2,1492
0,1,1,1,2,0,0,0,0,0,1,0,0,0,0,0,0,2,1492
0,1,0,0,4,0,0,0,0,0,1,0,0,0,0,0,0,2,1492
0,1,0,0,5,0,0,0,0,0,1,0,0,0,0,0,0,2,1492
0,1,0,0,5,0,0,0,0,0,1,0,0,0,0,0,0,2,1492
0,1,0,0,6,0,0,0,0,0,1,0,0,0,0,0,0,2,1492
0,1,0,0,6,0,0,0,0,0,1,0,0,0,0,0,0,2,1492
1,1,0,0,7,0,0,0,0,0,1,0,0,0,0,0,0,2,1492
0,1,0,0,7,0,0,0,0,0,1,0,0,0,0,0,0,2,1492
1,1,0,0,1,0,0,0,0,0,1,0,0,0,0,0,0,2,1493
1,1,0,0,1,0,0,0,0,0,1,0,0,0,0,0,0,2,1493
0,1,0,0,1,0,0,0,0,0,1,0,0,0,0,0,0,2,1493
0,1,0,0,2,0,0,0,0,0,1,0,0,0,0,0,0,2,1493
0,1,0,0,1,0,0,0,0,0,1,0,0,0,0,0,0,2,1493
0,1,0,0,2,0,0,0,0,0,1,0,0,0,0,0,0,2,1493
1,1,0,0,3,0,0,0,0,0,1,1,0,0,0,0,0,2,1493
0,1,0,0,4,0,0,0,0,0,1,0,0,0,0,0,0,2,1493
0,1,0,0,2,0,0,0,0,0,1,0,0,0,0,0,0,2,1493
1,1,1,1,4,0,0,0,0,0,1,0,0,0,0,0,0,2,1493
0,1,0,0,4,0,0,0,0,0,1,0,0,0,0,0,0,2,1493
0,1,0,0,4,0,0,0,0,0,1,0,0,0,0,0,0,2,1493
0,1,0,0,5,0,0,0,0,0,1,0,0,0,0,0,0,2,1493
0,1,0,0,5,0,0,0,0,0,1,0,0,0,0,0,0,2,1493
0,1,0,0,5,0,0,0,0,0,1,0,0,0,0,0,0,2,1493
0,1,0,0,7,0,0,0,0,0,1,0,0,0,0,0,0,2,1493
0,1,0,0,5,0,0,0,0,0,1,0,0,0,0,0,0,2,1493
0,1,0,0,1,0,0,0,0,0,1,0,0,0,0,0,0,2,1494
0,1,0,0,7,0,0,0,0,0,1,0,0,0,0,0,0,2,1493
0,1,0,0,1,0,0,0,0,0,1,0,0,0,0,0,0,2,1494
0,1,0,0,1,0,0,0,0,0,1,0,0,0,0,0,0,2,1494
1,1,0,0,2,0,0,0,0,0,1,0,0,0,0,0,0,2,1494
0,1,0,0,2,0,0,0,0,0,1,0,0,0,0,0,0,2,1494
0,1,0,0,3,0,0,0,0,0,1,0,0,0,0,0,0,2,1494
0,1,0,0,3,0,0,0,0,0,1,0,0,0,0,0,0,2,1494
0,1,0,0,3,0,0,0,0,0,1,0,0,0,0,0,0,2,1494
0,1,0,0,3,0,0,0,0,0,1,0,0,0,0,0,0,2,1494
0,1,0,0,5,0,0,0,0,0,1,0,0,0,0,0,0,2,1494
0,1,0,0,6,0,0,0,0,0,1,0,0,0,0,0,0,2,1494
0,1,0,0,6,0,0,0,0,0,1,0,0,0,0,0,0,2,1494
0,1,0,0,6,0,0,0,0,0,1,0,0,0,0,0,0,2,1494
0,1,0,0,7,0,0,0,0,0,1,0,0,0,0,0,0,2,1494
0,0,0,0,7,0,0,0,0,0,1,0,1,1,0,0,0,1,1
0,0,1,0,1,0,0,0,0,1,0,0,1,1,0,0,0,1,2
0,1,0,0,5,1,0,0,0,0,0,0,0,1,0,0,0,1,3
0,0,0,0,5,0,0,1,0,0,0,0,0,1,0,0,0,1,4
0,0,0,0,3,0,0,0,0,0,1,0,0,1,0,0,0,1,5
0,0,0,0,5,0,0,0,0,0,0,0,0,1,0,0,0,1,6
1,1,0,0,5,0,0,0,0,1,0,0,0,1,0,0,0,1,7
0,0,0,0,5,0,0,0,0,1,0,1,0,1,0,0,0,1,8
0,1,1,1,3,0,0,0,0,1,0,0,0,1,0,0,0,1,9
0,1,0,0,2,0,0,0,0,0,0,0,0,1,0,0,0,1,10
0,0,0,0,3,0,0,0,0,0,0,0,0,1,0,0,0,1,11
0,0,0,0,7,0,0,0,0,1,0,0,0,1,0,0,0,1,12
0,0,0,0,2,0,0,0,0,0,1,0,0,1,0,0,0,1,13
0,0,0,0,4,0,0,0,0,0,1,0,0,1,0,0,0,1,14
0,1,0,0,3,0,0,0,0,1,0,0,0,1,0,0,0,1,15
0,0,1,0,1,0,0,0,0,0,1,0,0,1,0,0,0,1,16
0,0,1,0,3,0,0,0,0,1,0,0,0,1,0,0,0,1,17
1,0,0,0,1,0,0,0,0,1,0,0,0,1,0,0,0,1,18
1,1,0,0,2,0,0,0,0,0,1,0,0,1,0,0,0,1,19
0,1,0,0,3,0,0,0,0,0,0,1,0,1,0,0,0,1,20
0,1,0,0,4,0,0,0,0,1,0,0,0,1,0,0,0,1,21
0,1,0,0,5,0,0,0,0,0,1,0,1,1,0,0,0,1,22
0,0,0,0,3,0,1,0,0,0,0,0,0,1,0,0,0,1,23
0,0,0,0,5,0,0,1,0,0,0,0,0,1,0,0,0,1,24
0,1,0,0,6,0,0,0,0,0,1,0,0,1,0,0,0,1,25
0,1,0,0,1,0,1,0,0,0,0,0,0,1,0,0,0,1,26
0,0,0,0,7,0,0,0,0,0,1,0,0,1,0,0,0,1,27
0,1,0,0,3,0,0,0,0,1,0,0,0,1,0,0,0,1,28
0,0,0,0,2,0,0,0,0,1,0,0,0,1,0,0,0,1,29
0,1,1,1,7,0,0,0,0,0,1,0,0,1,0,0,0,1,30
0,1,1,1,5,0,0,0,1,0,0,0,0,1,0,0,0,1,31
0,0,0,0,4,0,0,0,0,0,1,0,0,1,0,0,0,1,32
0,1,1,1,2,0,0,0,0,0,1,0,0,1,0,0,0,1,33
0,1,0,0,2,0,0,0,0,0,1,0,0,1,0,0,0,1,34
0,1,0,0,2,0,0,0,0,0,1,0,0,1,0,0,0,1,35
0,1,0,0,3,0,0,0,0,0,1,0,0,1,0,0,0,1,36
0,0,0,0,3,0,0,0,1,0,0,0,0,1,0,0,0,1,37
0,1,0,0,1,0,1,0,0,0,0,0,0,1,0,0,0,1,38
0,1,0,0,6,0,0,0,0,1,0,0,0,1,0,0,0,1,39
1,1,1,1,5,0,0,0,0,0,1,0,0,1,0,0,0,1,40
0,1,0,0,3,0,0,0,0,0,0,0,0,1,0,0,0,1,41
0,0,1,0,6,0,0,0,0,0,1,0,0,1,0,0,0,1,42
0,1,0,0,7,0,0,0,0,0,1,0,0,1,0,0,0,1,43
0,1,0,0,3,0,0,0,1,0,0,0,0,1,0,0,0,1,44
0,1,0,0,5,0,0,0,1,0,0,0,0,1,0,0,0,1,45
0,0,0,0,1,0,0,0,0,0,1,0,0,1,0,0,0,1,46
0,1,0,0,4,0,0,0,0,1,0,0,0,1,0,0,0,1,47
0,0,0,0,3,0,0,0,0,1,0,0,0,1,0,0,0,1,48
0,1,1,1,5,0,0,0,0,1,0,0,0,1,0,0,0,1,49
0,1,1,1,1,0,0,0,1,0,0,0,0,1,0,0,0,1,50
0,1,0,0,7,0,0,0,1,0,0,0,0,1,0,0,0,1,51
0,1,0,0,4,0,0,0,0,1,0,0,0,1,0,0,0,1,52
1,1,1,1,7,0,0,0,0,1,0,0,0,1,0,0,0,1,53
0,0,1,0,7,0,0,0,0,1,0,0,0,1,0,0,0,1,54
0,0,0,0,6,0,0,0,1,0,0,0,0,1,0,0,0,1,55
0,1,0,0,3,0,0,0,0,0,1,0,0,1,0,0,0,1,56
0,0,1,0,3,0,0,0,0,0,1,0,0,1,0,0,0,1,57
0,1,0,0,1,0,0,0,1,0,0,0,0,1,0,0,0,1,58
0,1,0,0,5,0,0,0,0,0,1,0,0,1,0,0,0,1,59
0,0,0,0,4,0,0,0,0,1,0,0,0,1,0,0,0,1,60
0,0,0,0,5,0,0,0,0,0,1,0,0,1,0,0,0,1,61
0,1,0,0,7,0,0,0,0,0,1,0,0,1,0,0,0,1,62
0,0,0,0,1,0,0,0,1,0,0,0,0,1,0,0,0,1,63
0,1,0,0,7,0,0,0,0,0,0,0,0,1,0,0,0,1,64
1,1,1,1,1,0,0,0,0,0,1,0,0,1,0,0,0,1,65
0,1,0,0,5,0,0,0,0,1,0,0,0,1,0,0,0,1,66
0,0,0,0,2,0,0,1,0,0,0,0,0,1,0,0,0,1,67
0,0,1,0,7,0,0,0,0,0,1,0,0,1,0,0,0,1,68
0,0,0,0,5,0,0,1,0,0,0,0,0,1,0,0,0,1,69
0,0,1,0,5,0,0,0,1,0,0,0,0,1,0,0,0,1,70
0,1,0,0,2,0,0,0,0,0,1,0,0,1,0,0,0,1,71
0,0,0,0,2,0,0,0,0,0,1,0,0,1,0,0,0,1,72
1,1,1,1,3,0,0,0,0,0,1,0,0,1,0,0,0,1,73
0,1,0,0,1,0,1,0,0,0,0,0,0,1,0,0,0,1,74
0,0,0,0,7,0,0,0,0,1,0,0,0,1,0,0,0,1,75
0,1,0,0,4,0,0,0,1,0,0,0,1,1,0,0,0,1,76
1,0,0,0,5,0,0,0,0,0,1,0,0,1,0,0,0,1,77
0,1,0,0,5,0,0,0,0,0,1,0,0,1,0,0,0,1,78
0,0,0,0,5,0,0,1,0,0,0,0,0,1,0,0,0,1,79
1,1,1,1,3,0,0,0,0,1,0,0,0,1,0,0,0,1,80
0,0,0,0,5,0,0,0,0,0,1,0,0,1,0,0,0,1,81
0,1,1,1,1,0,1,0,0,0,0,0,0,1,0,0,0,1,82
0,1,0,0,5,0,0,0,0,0,1,0,0,1,0,0,0,1,83
0,1,1,1,7,0,0,0,0,0,1,0,0,1,0,0,0,1,84
0,0,0,0,7,0,0,0,0,0,1,0,0,1,0,0,0,1,85
0,1,0,0,3,0,0,0,0,1,0,0,0,1,0,0,0,1,86
0,0,0,0,7,0,0,0,0,0,1,0,0,1,0,0,0,1,87
0,0,1,0,7,0,0,0,1,0,0,0,0,1,0,0,0,1,88
0,1,0,0,3,0,0,1,0,0,0,0,0,1,0,0,0,1,89
0,1,0,0,4,0,0,0,0,1,0,0,0,1,0,0,0,1,90
0,0,0,0,3,0,0,0,0,1,0,0,0,1,0,0,0,1,91
0,1,1,1,7,0,0,0,0,0,1,0,0,1,0,0,0,1,92
0,0,0,0,5,0,0,1,0,0,0,0,0,1,0,0,0,1,93
0,1,0,0,3,0,0,0,0,0,0,0,0,1,0,0,0,1,94
0,1,0,0,1,0,0,0,0,0,1,0,0,1,0,0,0,1,95
0,1,1,1,1,0,0,0,0,0,1,0,0,1,0,0,0,1,96
0,0,0,0,5,0,0,0,0,1,0,0,0,1,0,0,0,1,97
0,0,0,0,3,0,0,0,0,0,1,0,0,1,0,0,0,1,98
0,0,0,0,3,0,1,0,0,0,0,0,0,1,0,0,0,1,99
1,1,0,0,2,0,0,0,0,0,1,0,0,1,0,0,0,1,100
0,1,0,0,3,0,0,0,0,0,1,0,0,1,0,0,0,1,101
0,1,0,0,5,0,1,0,0,0,0,0,0,1,0,0,0,1,102
0,0,1,0,3,0,0,0,0,0,1,0,0,1,0,0,0,1,103
0,1,0,0,7,0,0,0,0,0,1,0,1,1,0,0,0,1,104
0,1,0,0,3,0,0,0,1,0,0,0,0,1,0,0,0,1,105
0,0,0,0,4,0,0,0,1,0,0,0,0,1,0,0,0,1,106
0,0,0,0,7,0,0,0,0,0,1,0,0,1,0,0,0,1,107
0,0,0,0,2,0,0,0,0,1,0,0,0,1,0,0,0,1,108
0,1,0,0,6,0,0,0,0,0,1,0,0,1,0,0,0,1,109
0,0,0,0,6,0,0,0,0,0,1,0,0,1,0,0,0,1,110
0,0,0,0,6,0,0,0,0,0,1,0,0,1,0,0,0,1,111
0,0,0,0,4,0,0,0,1,0,0,0,0,1,0,0,0,1,112
1,0,1,0,3,0,0,0,0,1,0,0,0,1,0,0,0,1,113
0,1,1,1,5,1,0,0,0,0,0,0,0,1,0,0,0,1,114
0,0,0,0,5,0,0,1,0,0,0,0,0,1,0,0,0,1,115
0,0,0,0,3,0,0,0,0,1,0,0,0,1,0,0,0,1,116
1,0,0,0,2,0,0,0,0,0,1,0,0,1,0,0,0,1,117
0,0,1,0,3,0,0,0,0,1,0,0,0,1,0,0,0,1,118
0,0,0,0,3,0,0,1,0,0,0,0,0,1,0,0,0,1,119
1,1,1,1,5,0,0,0,0,0,1,0,0,1,0,0,0,1,120
1,1,1,1,5,0,0,0,0,0,1,0,0,1,0,0,0,1,121
1,0,0,0,5,0,0,0,0,0,1,0,0,1,0,0,0,1,122
0,0,0,0,6,0,0,0,0,1,0,1,0,1,0,0,0,1,123
0,1,0,0,3,0,0,0,0,0,0,0,1,1,0,0,0,1,124
0,0,1,0,5,0,0,0,0,0,1,0,0,1,0,0,0,1,125
0,1,0,0,6,0,0,0,0,0,1,0,0,1,0,0,0,1,126
0,0,0,0,1,0,0,0,0,0,1,0,0,1,0,0,0,1,127
0,0,1,0,1,0,0,0,0,0,1,0,0,1,0,0,0,1,128
0,0,1,0,3,0,0,0,1,0,0,0,0,1,0,0,0,1,129
0,0,0,0,3,0,0,0,0,0,1,0,0,1,0,0,0,1,130
0,1,0,0,1,0,0,0,1,0,0,0,0,1,0,0,0,1,131
1,1,1,1,3,0,0,0,0,0,1,0,0,1,0,0,0,1,132
0,1,0,0,3,0,0,0,0,0,1,0,0,1,0,0,0,1,133
0,0,0,0,5,0,0,0,1,0,0,0,0,1,0,0,0,1,134
0,0,1,0,1,0,0,0,0,1,0,0,0,1,0,0,0,1,135
0,0,1,0,4,0,0,0,0,0,1,0,0,1,0,0,0,1,136
0,1,0,0,7,0,0,1,0,0,0,0,0,1,0,0,0,1,137
0,1,1,1,5,0,0,0,0,0,1,0,0,1,0,0,0,1,138
0,0,0,0,6,0,0,0,0,0,1,0,0,1,0,0,0,1,139
0,0,0,0,1,0,0,0,0,0,0,0,0,1,0,0,0,1,140
1,1,1,1,1,0,0,0,0,1,0,0,0,1,0,0,0,1,141
0,0,0,0,5,0,0,0,0,0,1,0,0,1,0,0,0,1,142
0,0,1,0,5,0,0,0,0,0,1,0,0,1,0,0,0,1,143
0,1,0,0,5,0,0,0,1,0,0,0,0,1,0,0,0,1,144
0,0,0,0,3,0,0,0,0,1,0,0,0,1,0,0,0,1,145
0,0,0,0,1,0,0,0,0,0,1,0,0,1,0,0,0,1,146
0,0,0,0,2,0,0,0,0,0,1,0,1,1,0,0,0,1,147
0,1,0,0,2,0,0,0,0,0,1,0,0,1,0,0,0,1,148
0,1,1,1,3,0,0,0,0,0,1,0,1,1,0,0,0,1,149
0,0,0,0,3,0,0,0,0,0,1,0,0,1,0,0,0,1,150
1,1,1,1,3,0,0,0,0,0,1,0,0,1,0,0,0,1,151
0,1,1,1,7,0,0,0,1,0,0,0,0,1,0,0,0,1,152
1,1,0,0,4,0,0,0,0,0,1,0,0,1,0,0,0,1,153
1,1,1,1,4,0,0,0,0,0,1,0,0,1,0,0,0,1,154
0,0,0,0,4,0,0,0,0,0,1,0,0,1,0,0,0,1,155
0,1,1,1,3,0,0,0,1,0,0,0,0,1,0,0,0,1,156
0,0,1,0,5,0,0,0,0,0,0,0,1,1,0,0,0,1,157
0,0,0,0,6,0,0,0,0,0,1,0,0,1,0,0,0,1,158
0,0,1,0,5,0,0,0,0,0,1,0,0,1,0,0,0,1,159
0,0,0,0,3,0,1,0,0,0,0,0,0,1,0,0,0,1,160
0,1,0,0,5,0,0,0,0,1,0,0,0,1,0,0,0,1,161
0,0,0,0,3,0,0,0,0,0,1,0,1,1,0,0,0,2,1550
0,1,0,0,7,0,0,0,0,0,1,0,0,1,0,0,0,1,163
1,0,1,0,1,0,0,0,0,0,1,0,0,1,0,0,0,1,164
0,1,0,0,1,0,0,0,0,1,0,0,0,1,0,0,0,1,165
0,0,0,0,2,0,0,0,0,0,1,0,0,1,0,0,0,1,166
0,0,0,0,3,0,0,0,0,0,1,0,0,1,0,0,0,1,167
0,1,0,0,7,0,0,1,0,0,0,0,0,1,0,0,0,1,168
0,0,0,0,3,0,0,0,0,0,1,0,0,1,0,0,0,1,169
0,1,0,0,5,1,0,0,0,0,0,0,0,1,0,0,0,1,170
0,0,0,0,3,0,0,0,0,1,0,0,0,1,0,0,0,1,171
0,0,0,0,3,0,0,0,1,0,0,0,0,1,0,0,0,1,172
0,0,0,0,1,0,0,0,0,1,0,0,0,1,0,0,0,1,173
0,1,0,0,6,0,0,0,0,0,1,0,0,1,0,0,0,1,174
0,0,0,0,7,0,0,0,0,0,1,0,0,1,0,0,0,1,175
0,0,1,0,4,0,0,1,0,0,0,0,0,1,0,0,0,1,176
0,0,0,0,1,0,0,0,0,1,0,0,0,1,0,0,0,1,177
0,1,0,0,7,0,0,0,0,0,1,0,0,1,0,0,0,1,178
1,0,1,0,1,0,0,0,0,0,1,0,0,1,0,0,0,1,179
0,1,0,0,4,0,0,0,0,0,0,0,1,1,0,0,0,1,180
0,0,1,0,3,0,0,0,0,0,1,0,0,1,0,0,0,1,181
0,1,0,0,3,0,0,0,1,0,0,0,0,1,0,0,0,1,182
0,1,0,0,5,0,0,0,0,1,0,0,0,1,0,0,0,1,183
0,1,0,0,1,0,0,0,1,0,0,0,0,1,0,0,0,1,184
0,1,0,0,3,0,0,0,0,1,0,0,0,1,0,0,0,1,185
0,0,1,0,3,0,1,0,0,0,0,0,0,1,0,0,0,1,186
1,0,1,0,3,0,0,0,0,0,1,0,0,1,0,0,0,1,187
1,1,1,1,7,0,0,0,0,1,0,0,0,1,0,0,0,1,188
0,1,0,0,3,0,0,0,0,0,1,1,0,1,0,0,0,1,189
0,1,0,0,3,0,0,0,1,0,0,0,0,1,0,0,0,1,190
0,1,0,0,3,0,0,0,0,1,0,0,0,1,0,0,0,1,191
0,0,0,0,4,0,0,1,0,0,0,0,0,1,0,0,0,1,192
0,0,0,0,5,1,0,0,0,0,0,0,0,1,0,0,0,1,193
0,0,0,0,5,0,0,0,0,0,1,0,0,1,0,0,0,1,194
0,0,1,0,7,0,0,0,0,0,1,0,0,1,0,0,0,1,195
0,0,0,0,6,0,0,0,0,0,1,0,0,1,0,0,0,1,196
0,0,0,0,3,0,0,1,0,0,0,0,0,1,0,0,0,1,197
0,1,0,0,6,0,0,0,0,0,1,0,0,1,0,0,0,1,198
0,1,0,0,5,0,0,0,0,0,1,0,0,1,0,0,0,1,199
0,0,0,0,5,0,0,0,0,0,0,0,1,1,0,0,0,1,200
0,0,0,0,1,0,0,1,0,0,0,0,0,1,0,0,0,1,201
0,0,0,0,2,0,0,1,0,0,0,0,0,1,0,0,0,1,202
0,0,0,0,4,0,0,0,1,0,0,0,0,1,0,0,0,1,203
0,1,0,0,3,0,1,0,0,0,0,0,0,1,0,0,0,1,204
0,1,0,0,1,0,0,1,0,0,0,0,0,1,0,0,0,1,205
0,1,1,1,1,0,0,0,0,1,0,0,0,1,0,0,0,1,206
0,1,1,1,1,0,0,0,0,1,0,0,0,1,0,0,0,1,207
0,0,0,0,5,0,0,0,1,0,0,0,0,1,0,0,0,1,208
0,1,0,0,5,0,0,0,0,1,0,0,0,1,0,0,0,1,209
0,1,0,0,4,0,0,0,1,0,0,0,0,1,0,0,0,1,210
0,1,0,0,2,0,0,0,1,0,0,0,0,1,0,0,0,1,211
0,1,0,0,3,0,0,0,0,1,0,0,0,1,0,0,0,1,212
0,0,0,0,4,0,0,1,0,0,0,0,0,1,0,0,0,1,213
0,0,0,0,4,0,0,0,0,1,0,0,0,1,0,0,0,1,214
0,0,0,0,3,0,0,0,0,0,0,0,1,1,0,0,0,1,215
1,1,1,1,1,0,0,0,0,1,0,0,0,1,0,0,0,1,216
0,0,0,0,6,0,0,1,0,0,0,0,0,1,0,0,0,1,217
0,1,0,0,7,0,0,0,1,0,0,0,0,1,0,0,0,1,218
0,1,0,0,1,0,0,1,0,0,0,0,0,1,0,0,0,1,219
0,0,0,0,3,0,0,0,0,1,0,1,0,1,0,0,0,1,220
0,0,0,0,3,0,0,0,0,1,0,0,0,1,0,0,0,1,221
0,1,0,0,3,0,0,0,0,1,0,1,0,1,0,0,0,1,222
1,0,1,0,1,0,0,0,1,0,0,0,0,1,0,0,0,1,223
0,0,0,0,4,0,0,0,0,1,0,0,0,1,0,0,0,1,224
0,1,0,0,3,1,0,0,0,0,0,0,0,1,0,0,0,1,225
0,1,0,0,7,0,0,0,0,1,0,1,0,1,0,0,0,1,226
0,0,0,0,2,0,0,0,0,0,0,0,0,1,0,0,0,1,227
0,1,0,0,5,0,0,1,0,0,0,0,0,1,0,0,0,1,228
0,1,0,0,2,0,0,0,1,0,0,0,0,1,0,0,0,1,229
0,1,0,0,4,0,0,0,0,1,0,0,0,1,0,0,0,1,230
0,0,0,0,4,0,0,0,1,0,0,0,0,1,0,0,0,1,231
0,1,0,0,5,0,0,0,0,0,0,0,0,1,0,0,0,1,232
0,0,0,0,3,0,0,0,0,1,0,0,0,1,0,0,0,1,233
0,1,0,0,5,0,0,0,0,1,0,0,0,1,0,0,0,1,234
0,0,1,0,4,0,0,0,1,0,0,0,0,1,0,0,0,1,235
0,1,0,0,3,0,0,0,0,0,0,0,0,1,0,0,0,1,236
0,0,1,0,1,0,0,0,0,1,0,0,0,1,0,0,0,1,237
0,1,0,0,3,0,0,0,1,0,0,0,1,1,0,0,0,1,238
0,0,0,0,5,0,0,0,1,0,0,1,0,1,0,0,0,1,239
0,1,0,0,5,0,0,0,0,1,0,0,0,1,0,0,0,1,240
0,1,0,0,3,1,0,0,0,0,0,0,0,1,0,0,0,1,241
0,1,0,0,3,0,0,0,1,0,0,0,0,1,0,0,0,1,242
0,1,0,0,1,0,0,0,0,1,0,0,0,1,0,0,0,1,243
0,1,0,0,5,0,0,0,0,1,0,0,0,1,0,0,0,1,244
0,0,0,0,6,0,0,0,0,1,0,0,0,1,0,0,0,1,245
0,0,0,0,3,1,0,0,0,0,0,0,0,1,0,0,0,1,247
0,1,0,0,1,0,0,0,0,1,0,0,0,1,0,0,0,1,249
0,1,0,0,1,0,0,0,1,0,0,1,0,1,0,0,0,1,250
0,1,0,0,4,0,0,0,0,1,0,0,0,1,0,0,0,1,254
0,1,0,0,3,0,0,0,0,1,0,0,0,1,0,0,0,1,257
0,1,0,0,3,0,0,1,0,0,0,0,0,1,0,0,0,1,259
0,0,0,0,5,0,0,0,0,1,0,0,0,1,0,0,0,1,260
0,1,0,0,7,0,0,0,0,1,0,0,0,1,0,0,0,1,261
0,0,1,0,5,0,0,1,0,0,0,0,0,1,0,0,0,1,263
1,1,1,1,1,0,0,0,0,1,0,0,0,1,0,0,0,1,271
0,1,0,0,3,0,0,0,0,1,0,0,0,1,0,0,0,1,272
0,1,0,0,2,0,0,0,0,0,0,0,1,1,0,0,0,1,274
0,0,0,0,3,0,1,0,0,0,0,0,0,1,0,0,0,1,280
0,1,0,0,3,0,0,1,0,0,0,0,0,1,0,0,0,1,284
0,0,0,0,5,0,0,0,0,1,0,0,0,1,0,0,0,1,285
0,0,0,0,1,1,0,0,0,0,0,0,0,1,0,0,0,1,287
0,1,0,0,3,0,0,0,1,0,0,0,0,1,0,0,0,1,290
0,0,0,0,7,0,0,0,1,0,0,0,0,1,0,0,0,1,291
0,0,0,0,5,0,0,0,0,0,0,0,0,1,0,0,0,1,293
0,0,0,0,1,0,0,1,0,0,0,0,0,1,0,0,0,1,294
0,0,0,0,3,0,0,0,0,1,0,0,0,1,0,0,0,1,295
1,1,0,0,3,0,0,0,0,1,0,0,0,1,0,0,0,1,296
0,1,0,0,1,0,0,0,1,0,0,0,1,1,0,0,0,1,299
1,0,0,0,3,0,0,0,0,1,0,0,0,1,0,0,0,1,302
0,1,0,0,3,0,0,1,0,0,0,0,0,1,0,0,0,1,304
0,1,0,0,3,0,0,0,1,0,0,0,0,1,0,0,0,1,306
0,1,1,1,3,0,0,0,0,1,0,0,1,1,0,0,0,1,307
0,0,1,0,3,0,0,0,0,1,0,0,0,1,0,0,0,1,313
1,0,1,0,1,0,1,0,0,0,0,0,0,1,0,0,0,1,314
0,1,0,0,3,0,0,0,0,0,0,0,1,1,0,0,0,1,316
0,1,0,0,2,0,0,0,0,1,0,0,0,1,0,0,0,1,317
0,1,0,0,7,0,0,0,0,1,0,0,0,1,0,0,0,1,318
0,1,0,0,3,1,0,0,0,0,0,0,0,1,0,0,0,1,323
0,0,0,0,3,0,0,0,1,0,0,0,0,1,0,0,0,1,329
0,0,0,0,5,0,0,0,1,0,0,0,0,1,0,0,0,1,330
0,1,0,0,3,0,0,0,0,1,0,0,0,1,0,0,0,1,331
0,0,0,0,7,0,0,0,0,0,0,0,1,1,0,0,0,1,333
0,1,0,0,1,0,0,0,1,0,0,0,0,1,0,0,0,1,334
0,0,0,0,5,0,0,0,1,0,0,0,0,1,0,0,0,1,335
0,1,0,0,3,0,0,0,0,1,0,0,0,1,0,0,0,1,337
1,0,0,0,3,0,0,0,0,1,0,0,0,1,0,0,0,1,339
0,1,0,0,7,0,0,0,0,1,0,0,0,1,0,0,0,1,342
0,0,0,0,5,0,0,0,0,1,0,0,0,1,0,0,0,1,344
0,1,1,1,7,0,0,0,0,1,0,0,0,1,0,0,0,1,349
1,1,1,1,5,0,0,0,0,1,0,0,0,1,0,0,0,1,350
0,0,0,0,3,0,0,0,1,0,0,0,0,1,0,0,0,1,358
0,0,0,0,3,0,0,0,0,1,0,0,0,1,0,0,0,1,359
0,0,0,0,6,0,0,1,0,0,0,0,0,1,0,0,0,1,362
1,0,0,0,3,0,0,0,0,1,0,0,0,1,0,0,0,1,363
0,1,0,0,3,1,0,0,0,0,0,0,0,1,0,0,0,1,366
1,1,0,0,3,0,0,0,0,1,0,0,1,1,0,0,0,1,367
0,1,0,0,7,0,0,0,0,1,0,0,0,1,0,0,0,1,372
1,1,0,0,3,0,0,1,0,0,0,0,0,1,0,0,0,1,375
0,1,0,0,1,0,1,0,0,0,0,0,0,1,0,0,0,1,378
0,0,0,0,3,0,0,0,1,0,0,0,0,1,0,0,0,1,379
0,1,0,0,3,1,0,0,0,0,0,0,1,1,0,0,0,1,383
0,1,0,0,2,0,0,1,0,0,0,0,0,1,0,0,0,1,385
0,0,0,0,5,0,0,0,0,1,0,1,0,1,0,0,0,1,387
0,0,0,0,1,0,0,0,1,0,0,0,0,1,0,0,0,1,388
0,1,0,0,7,0,0,0,1,0,0,0,0,1,0,0,0,1,397
0,0,0,0,4,0,0,0,0,1,0,0,0,1,0,0,0,1,399
0,0,1,0,1,0,0,0,0,1,0,0,0,1,0,0,0,1,401
0,1,0,0,5,0,0,0,1,0,0,0,0,1,0,0,0,1,404
0,0,0,0,3,0,0,0,0,1,0,0,0,1,0,0,0,1,409
0,1,0,0,3,1,0,0,0,0,0,0,0,1,0,0,0,1,410
0,1,0,0,7,0,0,0,0,1,0,0,0,1,0,0,0,1,412
0,0,0,0,5,0,0,0,1,0,0,0,0,1,0,0,0,1,417
0,1,0,0,3,0,0,0,0,1,0,1,0,1,0,0,0,1,418
0,1,0,0,7,0,0,1,0,0,0,0,0,1,0,0,0,1,420
0,0,0,0,3,0,0,0,0,1,0,0,0,1,0,0,0,1,421
0,0,1,0,1,0,0,0,0,1,0,0,0,1,0,0,0,1,424
0,0,1,0,3,0,1,0,0,0,0,1,0,1,0,0,0,1,426
1,1,1,1,5,0,0,0,0,1,0,0,0,1,0,0,0,1,429
1,1,1,1,7,0,0,0,0,1,0,0,0,1,0,0,0,1,431
0,0,0,0,7,0,0,0,0,1,0,0,0,1,0,0,0,1,435
0,0,0,0,2,0,1,0,0,0,0,0,0,1,0,0,0,1,438
0,1,0,0,5,0,0,1,0,0,0,0,0,1,0,0,0,1,439
0,0,0,0,2,0,0,0,0,0,0,1,0,1,0,0,0,1,443
0,1,0,0,7,0,0,0,1,0,0,0,0,1,0,0,0,1,450
0,0,1,0,7,0,0,0,0,1,0,0,0,1,0,0,0,1,451
0,1,0,0,6,0,0,0,0,0,0,0,1,1,0,0,0,1,453
0,0,0,0,1,0,1,0,0,0,0,0,1,1,0,0,0,1,455
0,1,0,0,1,0,0,0,0,1,0,0,0,1,0,0,0,1,457
0,1,0,0,1,0,0,1,0,0,0,0,0,1,0,0,0,1,463
1,0,0,0,1,0,0,0,0,0,0,0,0,1,0,0,0,1,466
1,1,0,0,5,0,0,0,0,1,0,0,0,1,0,0,0,1,470
0,0,0,0,1,0,0,0,1,0,0,0,0,1,0,0,0,1,471
0,0,0,0,3,0,0,1,0,0,0,0,0,1,0,0,0,1,472
0,0,1,0,5,0,0,0,0,1,0,0,0,1,0,0,0,1,475
0,1,0,0,7,0,0,0,0,1,0,0,0,1,0,0,0,1,478
0,1,0,0,3,0,0,0,1,0,0,0,0,1,0,0,0,1,481
0,0,0,0,5,0,0,0,1,0,0,0,0,1,0,0,0,1,483
0,0,0,0,7,0,0,0,0,1,0,0,0,1,0,0,0,1,484
0,0,0,0,3,0,0,0,0,1,0,0,0,1,0,0,0,1,485
0,1,0,0,3,0,0,0,0,1,0,0,0,1,0,0,0,1,487
0,0,0,0,1,0,0,0,1,0,0,0,0,1,0,0,0,1,488
0,0,0,0,5,0,0,0,1,0,0,0,0,1,0,0,0,1,489
0,0,0,0,5,0,0,0,0,1,0,0,0,1,0,0,0,1,490
0,0,0,0,7,0,0,0,1,0,0,0,0,1,0,0,0,1,492
0,1,0,0,3,0,0,0,0,0,0,0,1,1,0,0,0,1,494
0,1,0,0,4,0,1,0,0,0,0,0,1,1,0,0,0,1,497
0,0,0,0,4,0,0,0,0,1,0,0,0,1,0,0,0,1,503
0,1,0,0,3,0,0,0,1,0,0,0,0,1,0,0,0,1,505
0,0,0,0,3,0,1,0,0,0,0,0,0,1,0,0,0,1,511
0,0,0,0,3,0,0,0,1,0,0,0,0,1,0,0,0,1,514
0,0,0,0,1,0,0,0,1,0,0,0,0,1,0,0,0,1,515
0,0,0,0,5,0,0,0,1,0,0,0,1,1,0,0,0,1,520
0,0,0,0,4,0,0,0,1,0,0,0,1,1,0,0,0,1,523
0,1,0,0,7,0,0,1,0,0,0,0,0,1,0,0,0,1,525
0,1,0,0,5,0,0,1,0,0,0,0,0,1,0,0,0,1,528
0,1,1,1,5,0,0,0,1,0,0,0,0,1,0,0,0,1,533
0,1,0,0,1,0,0,0,0,0,0,0,0,1,0,0,0,1,545
0,0,0,0,6,0,0,0,0,1,0,0,0,1,0,0,0,1,547
0,1,0,0,5,0,1,0,0,0,0,0,1,1,0,0,0,1,551
0,1,0,0,5,0,0,0,1,0,0,0,0,1,0,0,0,1,557
0,0,0,0,3,0,0,0,0,1,0,0,0,1,0,0,0,1,564
0,0,0,0,2,0,0,0,0,0,0,0,1,1,0,0,0,1,567
1,1,0,0,1,0,0,1,0,0,0,0,1,1,0,0,0,1,568
0,1,0,0,5,0,0,0,1,0,0,0,0,1,0,0,0,1,570
0,0,0,0,5,0,0,0,0,1,0,0,0,1,0,0,0,1,571
0,0,0,0,2,0,0,0,1,0,0,0,0,1,0,0,0,1,575
0,0,1,0,1,0,0,0,1,0,0,0,0,1,0,0,0,1,579
0,1,0,0,1,0,0,1,0,0,0,0,0,1,0,0,0,1,582
0,0,0,0,3,0,0,0,0,1,0,0,0,1,0,0,0,1,586
0,0,0,0,1,0,0,0,0,0,1,0,0,1,0,0,0,2,1550
0,0,0,0,7,0,0,0,1,0,0,0,0,1,0,0,0,1,591
0,0,0,0,1,0,0,0,0,0,1,1,0,1,0,0,0,2,1550
0,0,0,0,3,0,0,0,0,0,1,0,0,1,0,0,0,2,1550
0,0,0,0,2,0,0,0,0,0,1,0,0,1,0,0,0,2,1550
0,0,0,0,2,0,0,0,1,0,0,0,0,1,0,0,0,1,595
1,0,1,0,5,0,0,0,0,1,0,0,0,1,0,0,0,1,596
0,0,0,0,2,0,0,0,0,0,1,0,0,1,0,0,0,2,1550
0,0,1,0,3,0,0,0,1,0,0,0,0,1,0,0,0,1,598
0,1,0,0,5,1,0,0,0,0,0,0,0,1,0,0,0,1,602
0,1,0,0,3,0,0,0,0,1,0,0,0,1,0,0,0,1,603
0,0,0,0,5,0,0,0,1,0,0,0,0,1,0,0,0,1,604
0,0,0,0,4,0,0,0,0,0,1,0,0,1,0,0,0,2,1550
0,0,0,0,6,0,0,0,0,1,0,0,0,1,0,0,0,1,607
1,0,0,0,5,0,0,0,0,0,1,0,0,1,0,0,0,2,1550
1,0,1,0,4,0,0,0,0,0,1,0,0,1,0,0,0,2,1550
0,0,0,0,2,0,0,0,1,0,0,0,0,1,0,0,0,1,610
0,0,0,0,5,0,0,0,0,0,1,0,0,1,0,0,0,2,1550
0,1,0,0,3,0,0,1,0,0,0,0,0,1,0,0,0,1,612
0,0,0,0,5,0,0,0,0,0,1,0,0,1,0,0,0,2,1550
0,0,0,0,5,0,0,0,0,0,1,0,0,1,0,0,0,2,1550
0,0,0,0,7,1,0,0,0,0,0,0,1,1,0,0,0,1,615
0,1,1,1,1,0,0,0,1,0,0,0,1,1,0,0,0,1,616
0,0,0,0,5,0,0,0,0,0,1,0,0,1,0,0,0,2,1550
0,0,0,0,3,0,0,0,0,1,0,0,0,1,0,0,0,1,618
0,1,0,0,5,1,0,0,0,0,0,0,0,1,0,0,0,1,619
0,0,1,0,7,0,0,0,0,0,1,0,0,1,0,0,0,2,1550
0,0,1,0,7,0,0,0,0,0,1,0,0,1,0,0,0,2,1550
0,1,0,0,1,0,0,0,0,0,1,0,0,1,0,0,0,2,1551
0,1,1,1,1,0,0,0,0,0,1,0,0,1,0,0,0,2,1551
1,1,1,1,2,0,0,0,0,0,1,0,0,1,0,0,0,2,1551
0,1,0,0,2,0,0,0,0,0,1,0,0,1,0,0,0,2,1551
0,1,1,1,3,0,0,0,0,0,1,0,0,1,0,0,0,2,1551
0,0,0,0,1,0,0,0,1,0,0,0,0,1,0,0,0,1,629
0,1,0,0,3,0,0,0,0,0,0,0,1,1,0,0,0,1,631
0,1,0,0,5,1,0,0,0,0,0,0,0,1,0,0,0,1,632
0,1,0,0,5,0,0,0,0,0,1,0,0,1,0,0,0,2,1551
0,1,0,0,4,0,0,0,0,0,1,0,0,1,0,0,0,2,1551
0,1,1,1,5,0,0,0,0,0,1,0,0,1,0,0,0,2,1551
0,1,1,1,5,0,0,0,0,0,1,0,0,1,0,0,0,2,1551
0,0,0,0,5,0,0,0,1,0,0,0,0,1,0,0,0,1,638
0,1,0,0,5,0,0,0,0,0,1,0,0,1,0,0,0,2,1551
0,0,0,0,3,0,0,0,0,1,0,0,0,1,0,0,0,1,640
0,1,0,0,5,0,0,0,0,0,1,0,0,1,0,0,0,2,1551
0,1,0,0,5,0,0,0,0,0,1,0,0,1,0,0,0,2,1551
0,1,0,0,4,0,0,0,0,0,0,0,0,1,0,0,0,1,643
0,1,1,1,3,0,0,0,1,0,0,0,0,1,0,0,0,1,645
0,0,1,0,3,0,0,0,0,1,0,0,0,1,0,0,0,1,646
0,0,0,0,4,0,0,0,0,0,0,0,0,1,0,0,0,1,647
0,1,0,0,6,0,0,0,0,0,1,0,0,1,0,0,0,2,1551
0,1,1,1,7,0,0,0,0,0,1,0,0,1,0,0,0,2,1551
0,1,1,1,3,0,0,0,0,1,0,0,0,1,0,0,0,1,651
0,1,0,0,1,0,0,0,0,0,1,0,0,1,0,0,0,2,1552
0,1,0,0,3,0,0,0,0,1,0,0,0,1,0,0,0,1,655
0,1,0,0,3,0,0,0,0,0,1,0,0,1,0,0,0,2,1552
1,1,0,0,4,0,0,0,0,0,1,0,0,1,0,0,0,2,1552
1,1,0,0,5,0,0,0,1,0,0,0,0,1,0,0,0,1,660
0,1,1,1,1,0,0,0,0,0,1,0,0,1,0,0,0,2,1552
0,1,0,0,3,0,0,0,0,0,1,0,0,1,0,0,0,2,1552
0,0,0,0,3,0,0,0,0,0,0,0,0,1,0,0,0,1,664
0,0,0,0,1,0,0,1,0,0,0,0,0,1,0,0,0,1,665
0,1,0,0,3,0,0,0,0,0,1,0,0,1,0,0,0,2,1552
0,0,0,0,3,0,0,1,0,0,0,0,0,1,0,0,0,1,667
1,0,1,0,1,0,0,0,1,0,0,0,1,1,0,0,0,1,668
0,0,1,0,3,0,0,0,1,0,0,0,0,1,0,0,0,1,669
0,0,0,0,5,0,0,0,1,0,0,0,0,1,0,0,0,1,670
0,1,0,0,1,0,0,0,1,0,0,0,0,1,0,0,0,1,671
1,1,1,1,2,0,0,0,0,0,1,0,0,1,0,0,0,2,1552
0,1,0,0,6,1,0,0,0,0,0,0,1,1,0,0,0,1,673
0,1,1,1,3,0,0,0,0,0,1,0,0,1,0,0,0,2,1552
0,1,1,1,3,0,0,0,0,1,0,0,0,1,0,0,0,1,677
0,0,1,0,1,0,1,0,0,0,0,0,0,1,0,0,0,1,679
1,1,0,0,4,0,0,0,0,0,1,0,0,1,0,0,0,2,1552
0,1,0,0,3,0,0,0,0,0,1,1,0,1,0,0,0,2,1552
0,0,0,0,3,0,0,0,1,0,0,0,0,1,0,0,0,1,685
1,1,0,0,5,0,0,0,1,0,0,0,0,1,0,0,0,1,686
0,0,1,0,4,0,1,0,0,0,0,0,0,1,0,0,0,1,691
0,1,0,0,3,0,0,0,0,1,0,0,0,1,0,0,0,1,692
0,0,0,0,1,0,0,1,0,0,0,1,0,1,0,0,0,1,695
0,0,0,0,5,0,0,0,0,0,0,0,0,1,0,0,0,1,697
0,1,0,0,5,0,0,0,0,1,0,0,1,1,0,0,0,1,698
0,1,0,0,1,0,0,0,0,0,1,0,0,1,0,0,0,2,1553
0,1,0,0,5,1,0,0,0,0,0,0,0,1,0,0,0,1,700
1,1,1,1,1,0,0,0,0,0,1,0,0,1,0,0,0,2,1553
0,1,0,0,3,0,0,0,0,0,1,0,0,1,0,0,0,2,1553
0,1,0,0,3,0,0,0,0,0,1,0,0,1,0,0,0,2,1553
0,0,0,0,5,0,0,0,1,0,0,0,0,1,0,0,0,1,705
0,0,0,0,1,0,0,0,1,0,0,0,0,1,0,0,0,1,706
0,1,0,0,3,0,0,0,0,0,1,0,0,1,0,0,0,2,1553
0,1,1,1,3,0,0,0,0,0,1,0,0,1,0,0,0,2,1553
0,0,0,0,7,0,0,0,0,1,0,0,0,1,0,0,0,1,711
0,1,1,1,2,0,0,0,0,0,1,0,0,1,0,0,0,2,1553
0,1,1,1,2,0,0,0,0,0,1,0,0,1,0,0,0,2,1553
0,1,0,0,4,0,0,0,0,0,1,0,0,1,0,0,0,2,1553
0,1,0,0,5,0,0,0,1,0,0,0,0,1,0,0,0,1,717
0,0,0,0,3,0,0,0,1,0,0,1,0,1,0,0,0,1,719
0,1,0,0,7,0,0,0,1,0,0,0,0,1,0,0,0,1,721
0,1,0,0,4,0,0,0,0,0,1,0,0,1,0,0,0,2,1553
0,1,0,0,6,0,0,0,0,0,1,0,0,1,0,0,0,2,1553
0,0,0,0,5,0,0,0,0,1,0,0,0,1,0,0,0,1,724
0,1,0,0,6,0,0,0,0,0,1,0,0,1,0,0,0,2,1553
0,1,0,0,6,0,0,0,0,0,1,0,0,1,0,0,0,2,1553
0,0,0,0,5,0,0,0,1,0,0,0,0,1,0,0,0,1,730
0,1,0,0,5,0,0,0,0,0,1,0,0,1,0,0,0,2,1553
0,1,1,1,5,0,0,0,0,0,1,0,0,1,0,0,0,2,1553
0,1,0,0,1,0,0,0,0,0,0,0,0,1,0,0,0,1,734
0,1,0,0,7,0,0,0,0,0,1,0,0,1,0,0,0,2,1553
0,0,1,0,1,0,0,0,0,0,1,0,0,1,0,0,0,2,1554
0,1,1,1,3,0,0,0,0,1,0,0,0,1,0,0,0,1,740
0,1,0,0,1,0,0,1,0,0,0,0,0,1,0,0,0,1,743
1,0,0,0,1,0,0,0,0,0,1,0,0,1,0,0,0,2,1554
0,0,0,0,5,0,0,0,0,1,0,0,0,1,0,0,0,1,745
0,0,0,0,3,0,0,0,0,0,1,0,0,1,0,0,0,2,1554
0,1,0,0,3,0,0,0,0,0,0,0,0,1,0,0,0,1,747
0,0,0,0,2,0,0,0,0,0,1,0,0,1,0,0,0,2,1554
0,1,0,0,3,0,0,0,0,1,0,0,0,1,0,0,0,1,749
0,1,0,0,7,0,0,0,0,0,1,0,0,1,0,0,0,2,1553
1,0,1,0,5,0,0,0,0,1,0,0,0,1,0,0,0,1,751
0,1,1,1,7,0,0,0,0,0,1,0,0,1,0,0,0,2,1553
0,0,0,0,3,0,0,0,0,0,1,0,0,1,0,0,0,2,1554
0,0,0,0,4,0,0,0,0,0,0,0,0,1,0,0,0,1,754
0,1,0,0,1,0,1,0,0,0,0,0,0,1,0,0,0,1,755
0,1,0,0,5,0,0,0,0,0,0,0,0,1,0,0,0,1,758
0,0,0,0,2,0,1,0,0,0,0,0,1,1,0,0,0,1,759
1,0,0,0,3,0,0,0,0,0,1,0,0,1,0,0,0,2,1554
0,0,1,0,5,0,0,0,0,1,0,0,0,1,0,0,0,1,763
0,0,0,0,3,0,0,0,0,0,1,0,0,1,0,0,0,2,1554
0,0,0,0,5,0,0,0,1,0,0,0,0,1,0,0,0,1,765
0,0,0,0,2,0,0,0,0,1,0,0,0,1,0,0,0,1,766
0,0,0,0,4,0,0,0,0,1,0,1,0,1,0,0,0,1,769
0,0,0,0,3,0,0,0,0,0,1,0,0,1,0,0,0,2,1554
0,0,1,0,3,0,0,0,0,0,1,0,0,1,0,0,0,2,1554
0,1,0,0,5,0,0,0,0,0,0,0,1,1,0,0,0,1,774
0,0,1,0,4,0,0,0,0,0,1,0,1,1,0,0,0,2,1554
0,0,0,0,4,0,0,0,0,1,0,0,1,1,0,0,0,1,776
0,0,1,0,5,0,0,0,0,0,1,0,0,1,0,0,0,2,1554
0,1,0,0,7,0,0,0,0,1,0,0,0,1,0,0,0,1,778
0,0,0,0,4,0,0,0,0,0,1,0,0,1,0,0,0,2,1554
0,0,0,0,3,0,0,0,0,1,0,0,0,1,0,0,0,1,780
1,0,0,0,5,0,0,0,0,0,1,0,0,1,0,0,0,2,1554
0,0,0,0,6,0,0,0,0,0,1,0,0,1,0,0,0,2,1554
0,0,0,0,7,0,0,0,0,0,1,0,0,1,0,0,0,2,1554
0,0,0,0,5,0,0,0,0,0,1,0,0,1,0,0,0,2,1554
0,0,0,0,5,0,0,0,1,0,0,0,0,1,0,0,0,1,787
0,1,0,0,2,0,0,0,1,0,0,0,0,1,0,0,0,1,788
0,0,0,0,1,0,0,0,0,0,1,0,0,1,0,0,0,2,1554
1,1,1,1,1,0,0,0,0,0,1,0,0,1,0,0,0,2,1555
0,0,0,0,7,0,0,0,0,0,1,1,0,1,0,0,0,2,1554
0,0,0,0,7,0,0,0,0,0,1,0,0,1,0,0,0,2,1554
0,1,1,1,3,0,0,0,0,1,0,0,0,1,0,0,0,1,794
0,0,0,0,3,0,0,1,0,0,0,0,0,1,0,0,0,1,796
1,0,0,0,7,0,0,0,0,0,1,0,0,1,0,0,0,2,1554
1,1,0,0,1,0,0,0,0,0,1,0,0,1,0,0,0,2,1555
0,1,0,0,7,0,0,0,0,1,0,0,0,1,0,0,0,1,803
1,1,0,0,1,0,0,0,0,0,1,0,0,1,0,0,0,2,1555
0,1,0,0,1,0,0,0,0,0,1,1,0,1,0,0,0,2,1555
0,0,1,0,2,0,0,0,0,1,0,0,0,1,0,0,0,1,808
1,1,1,1,2,0,0,0,0,0,1,0,0,1,0,0,0,2,1555
0,1,0,0,3,0,0,0,0,0,1,0,0,1,0,0,0,2,1555
0,1,0,0,3,0,0,0,1,0,0,0,0,1,0,0,0,1,811
0,0,0,0,7,0,0,0,0,1,0,0,0,1,0,0,0,1,812
1,1,1,1,2,0,0,0,0,0,1,0,0,1,0,0,0,2,1555
0,1,0,0,5,0,0,0,0,0,1,0,1,1,0,0,0,2,1555
0,1,0,0,3,0,0,0,0,1,0,0,0,1,0,0,0,1,817
0,0,0,0,3,0,0,0,0,1,0,0,0,1,0,0,0,1,819
0,0,1,0,1,0,1,0,0,0,0,0,0,1,0,0,0,1,822
1,1,0,0,5,0,0,0,0,1,0,0,0,1,0,0,0,1,823
0,1,0,0,3,0,0,0,0,0,1,0,0,1,0,0,0,2,1555
0,0,0,0,5,0,0,0,0,1,0,0,0,1,0,0,0,1,827
0,1,0,0,3,0,0,0,0,1,0,0,0,1,0,0,0,1,829
0,1,0,0,4,0,0,0,0,0,1,0,0,1,0,0,0,2,1555
0,1,0,0,7,0,0,0,0,0,0,0,1,1,0,0,0,1,832
0,0,0,0,3,0,1,0,0,0,0,0,0,1,0,0,0,1,834
0,0,0,0,3,0,0,0,0,1,0,1,0,1,0,0,0,1,835
0,1,1,1,5,0,0,0,0,0,1,0,0,1,0,0,0,2,1555
0,1,0,0,3,0,1,0,0,0,0,0,0,1,0,0,0,1,837
1,0,1,0,3,0,0,0,1,0,0,0,0,1,0,0,0,1,838
0,1,1,1,5,0,0,0,0,0,1,0,0,1,0,0,0,2,1555
1,1,1,1,5,0,0,0,0,0,1,0,0,1,0,0,0,2,1555
0,1,0,0,6,0,0,0,1,0,0,0,0,1,0,0,0,1,845
0,1,1,1,1,0,0,0,0,1,0,0,0,1,0,0,0,1,848
0,0,0,0,3,0,0,0,0,0,0,0,0,1,0,0,0,1,851
0,1,0,0,7,0,0,0,0,0,1,0,0,1,0,0,0,2,1555
0,1,0,0,7,0,0,0,0,0,1,0,0,1,0,0,0,2,1555
0,0,0,0,7,0,0,0,0,1,0,0,0,1,0,0,0,1,854
0,0,0,0,5,0,0,0,1,0,0,0,0,1,0,0,0,1,855
0,1,0,0,7,0,0,0,0,0,1,0,0,1,0,0,0,2,1555
0,1,0,0,7,0,0,0,0,0,1,0,0,1,0,0,0,2,1555
0,1,0,0,3,0,0,1,0,0,0,0,0,1,0,0,0,1,863
0,0,0,0,5,0,0,0,0,1,0,0,0,1,0,0,0,1,865
0,1,1,1,7,0,0,0,0,1,0,0,0,1,0,0,0,1,868
0,1,0,0,3,0,0,0,1,0,0,0,0,1,0,0,0,1,871
0,0,0,0,4,0,0,0,0,0,0,0,0,1,0,0,0,1,874
1,1,1,1,2,0,0,0,0,0,1,0,0,1,0,0,0,2,1556
1,1,0,0,2,0,0,0,0,0,1,0,0,1,0,0,0,2,1556
0,1,0,0,2,0,0,0,0,0,1,0,0,1,0,0,0,2,1556
0,1,0,0,4,0,0,0,0,0,1,0,0,1,0,0,0,2,1556
0,1,0,0,5,0,0,0,0,0,1,0,0,1,0,0,0,2,1556
0,0,0,0,3,0,0,1,0,0,0,0,0,1,0,0,0,1,885
1,1,1,1,3,0,0,0,0,0,1,0,0,1,0,0,0,2,1556
0,1,1,1,5,0,0,0,0,0,1,0,0,1,0,0,0,2,1556
0,0,0,0,7,0,0,0,0,1,0,1,0,1,0,0,0,1,891
0,1,1,1,5,0,0,0,0,0,1,0,0,1,0,0,0,2,1556
0,1,0,0,6,0,0,0,0,0,1,0,0,1,0,0,0,2,1556
0,0,0,0,1,0,1,0,0,0,0,0,0,1,0,0,0,1,894
1,1,1,1,7,0,0,0,0,1,0,0,0,1,0,0,0,1,896
0,1,0,0,7,0,0,0,0,0,1,0,0,1,0,0,0,2,1556
0,1,0,0,7,0,0,0,0,0,1,0,0,1,0,0,0,2,1556
0,1,0,0,6,0,0,0,0,0,1,0,0,1,0,0,0,2,1556
0,0,0,0,7,0,1,0,0,0,0,0,1,1,0,0,0,1,900
0,1,1,1,7,0,0,0,0,0,1,0,0,1,0,0,0,2,1556
0,1,0,0,5,0,0,0,0,1,0,0,0,1,0,0,0,1,903
0,0,0,0,3,0,0,0,1,0,0,0,0,1,0,0,0,1,905
0,1,0,0,7,0,0,0,0,0,1,0,0,1,0,0,0,2,1556
0,0,0,0,3,0,0,0,0,1,0,0,0,1,0,0,0,1,910
0,1,0,0,5,0,0,1,0,0,0,0,0,1,0,0,0,1,913
0,1,0,0,7,0,0,0,0,0,1,0,0,1,0,0,0,2,1556
0,1,0,0,7,0,0,0,0,0,1,0,0,1,0,0,0,2,1556
0,0,1,0,7,0,0,0,0,1,0,0,0,1,0,0,0,1,916
0,1,0,0,1,0,0,0,0,0,1,0,0,1,0,0,0,2,1557
0,1,0,0,1,0,0,0,0,0,1,0,0,1,0,0,0,2,1557
0,1,0,0,7,0,0,0,0,1,0,0,0,1,0,0,0,1,921
0,1,0,0,1,0,0,0,0,0,1,0,0,1,0,0,0,2,1557
0,0,0,0,7,0,0,0,0,1,0,0,1,1,0,0,0,1,925
1,1,1,1,1,0,0,0,0,0,1,0,0,1,0,0,0,2,1557
0,1,0,0,2,0,0,0,0,0,1,0,0,1,0,0,0,2,1557
0,1,0,0,3,0,0,0,1,0,0,0,0,1,0,0,0,1,929
0,0,0,0,3,0,0,0,0,1,0,0,0,1,0,0,0,1,930
0,1,0,0,3,0,0,0,0,0,1,0,0,1,0,0,0,2,1557
0,1,0,0,3,0,0,0,0,0,1,0,0,1,0,0,0,2,1557
0,1,1,1,7,0,0,0,1,0,0,0,0,1,0,0,0,1,933
0,1,0,0,4,0,0,0,0,0,1,0,0,1,0,0,0,2,1557
1,1,1,1,5,0,0,0,0,1,0,0,0,1,0,0,0,1,935
0,1,0,0,4,0,0,0,0,0,1,0,0,1,0,0,0,2,1557
0,1,0,0,4,0,0,0,0,0,1,0,0,1,0,0,0,2,1557
0,1,0,0,5,0,0,1,0,0,0,0,0,1,0,0,0,1,944
0,0,0,0,3,0,0,0,1,0,0,0,0,1,0,0,0,1,945
0,1,0,0,6,0,0,0,0,0,1,0,0,1,0,0,0,2,1557
0,0,0,0,2,0,1,0,0,0,0,1,0,1,0,0,0,1,947
0,0,0,0,3,0,0,0,0,1,0,0,0,1,0,0,0,1,948
0,1,0,0,5,0,0,0,0,0,1,0,0,1,0,0,0,2,1557
0,0,0,0,3,0,0,1,0,0,0,0,0,1,0,0,0,1,952
0,1,0,0,4,0,0,0,0,1,0,0,0,1,0,0,0,1,955
0,0,1,0,4,0,0,0,1,0,0,0,0,1,0,0,0,1,957
0,1,0,0,7,0,0,0,0,0,1,0,0,1,0,0,0,2,1557
0,1,0,0,6,0,0,0,0,0,1,0,0,1,0,0,0,2,1557
0,0,0,0,3,0,0,0,0,1,0,0,0,1,0,0,0,1,961
0,1,0,0,7,0,0,0,0,0,1,0,0,1,0,0,0,2,1557
0,0,0,0,1,0,0,0,0,0,1,0,0,1,0,0,0,2,1558
0,0,0,0,5,1,0,0,0,0,0,0,0,1,0,0,0,1,964
0,1,0,0,7,0,0,0,0,0,1,0,0,1,0,0,0,2,1557
0,1,0,0,7,0,0,0,0,0,1,0,0,1,0,0,0,2,1557
1,0,1,0,1,0,0,0,0,0,1,0,0,1,0,0,0,2,1558
0,0,0,0,1,0,0,0,0,0,1,0,1,1,0,0,0,2,1558
0,0,0,0,1,0,0,0,0,0,1,0,0,1,0,0,0,2,1558
0,0,0,0,1,0,0,0,0,0,1,0,0,1,0,0,0,2,1558
0,1,0,0,7,0,0,0,0,1,0,0,0,1,0,0,0,1,973
0,0,0,0,1,0,0,0,0,0,1,0,0,1,0,0,0,2,1558
0,0,0,0,3,0,0,0,0,0,0,1,0,1,0,0,0,1,977
0,0,0,0,4,0,0,0,0,1,0,0,0,1,0,0,0,1,979
0,0,1,0,7,0,0,0,0,1,0,0,0,1,0,0,0,1,981
0,0,0,0,3,0,0,0,0,0,1,0,0,1,0,0,0,2,1558
0,1,1,1,4,0,0,0,0,1,0,0,0,1,0,0,0,1,986
1,0,0,0,3,0,0,0,0,0,1,0,0,1,0,0,0,2,1558
0,0,0,0,3,0,0,0,0,1,0,0,0,1,0,0,0,1,988
0,0,0,0,3,0,0,0,0,0,1,0,0,1,0,0,0,2,1558
1,0,0,0,3,0,0,0,0,0,1,0,0,1,0,0,0,2,1558
0,1,0,0,5,0,0,0,1,0,0,0,1,1,0,0,0,1,991
0,1,0,0,7,0,0,0,0,1,0,0,0,1,0,0,0,1,992
0,0,0,0,4,0,0,0,0,0,1,0,0,1,0,0,0,2,1558
0,1,0,0,7,0,1,0,0,0,0,0,0,1,0,0,0,1,995
0,0,0,0,4,0,0,0,0,0,1,0,1,1,0,0,0,2,1558
0,1,0,0,5,0,0,0,0,1,0,0,0,1,0,0,0,1,998
0,0,0,0,5,0,0,0,0,0,1,0,0,1,0,0,0,2,1558
0,0,0,0,5,0,0,0,0,0,1,0,0,1,0,0,0,2,1558
0,0,0,0,7,0,0,0,0,1,0,0,0,1,0,0,0,1,1002
0,0,0,0,6,0,0,0,0,0,1,0,0,1,0,0,0,2,1558
0,0,0,0,4,0,0,0,0,1,0,0,0,1,0,0,0,1,1004
0,0,1,0,5,0,0,0,0,0,1,0,0,1,0,0,0,2,1558
0,0,1,0,7,0,0,0,0,1,0,0,0,1,0,0,0,1,1007
0,0,1,0,5,0,0,0,0,0,1,0,0,1,0,0,0,2,1558
0,0,0,0,5,0,0,1,0,0,0,0,0,1,0,0,0,1,1009
0,0,0,0,7,0,0,0,0,0,1,0,0,1,0,0,0,2,1558
1,1,0,0,3,0,0,0,0,1,0,0,0,1,0,0,0,1,1020
0,1,1,1,7,0,0,0,0,1,0,0,0,1,0,0,0,1,1022
0,1,0,0,5,0,0,0,0,1,0,0,0,1,0,0,0,1,1025
0,1,1,1,5,0,0,0,0,1,0,0,0,1,0,0,0,1,1027
0,1,1,1,5,0,0,1,0,0,0,0,0,1,0,0,0,1,1030
0,0,0,0,5,0,0,0,0,0,0,0,0,1,0,0,0,1,1031
0,1,0,0,3,0,0,0,0,1,0,0,0,1,0,0,0,1,1034
0,0,1,0,7,0,0,0,0,1,0,0,1,1,0,0,0,1,1037
0,1,1,1,1,0,0,1,0,0,0,0,0,1,0,0,0,1,1039
0,0,0,0,3,0,0,1,0,0,0,0,0,1,0,0,0,1,1041
0,0,0,0,3,0,0,0,0,1,0,0,0,1,0,0,0,1,1042
0,0,0,0,3,0,0,0,0,1,0,0,0,1,0,0,0,1,1044
0,0,0,0,4,0,0,0,0,1,0,0,0,1,0,0,0,1,1046
0,1,0,0,3,0,0,0,1,0,0,0,0,1,0,0,0,1,1048
0,1,0,0,5,0,0,0,0,1,0,0,0,1,0,0,0,1,1054
1,1,1,1,3,0,0,0,0,1,0,0,1,1,0,0,0,1,1056
1,0,1,0,7,0,0,0,0,1,0,0,0,1,0,0,0,1,1059
0,0,0,0,5,0,0,1,0,0,0,0,0,1,0,0,0,1,1061
0,1,0,0,4,0,0,0,0,1,0,1,0,1,0,0,0,1,1062
0,1,0,0,3,0,0,1,0,0,0,0,0,1,0,0,0,1,1066
0,1,1,1,1,0,0,0,0,0,1,0,0,1,0,0,0,2,1559
0,1,0,0,1,0,0,0,0,0,1,0,0,1,0,0,0,2,1559
0,1,0,0,1,0,0,0,0,0,1,0,0,1,0,0,0,2,1559
0,0,0,0,3,0,0,0,0,0,0,1,0,1,0,0,0,1,1073
0,1,0,0,5,0,0,1,0,0,0,0,0,1,0,0,0,1,1074
0,1,0,0,5,0,0,0,0,1,0,0,0,1,0,0,0,1,1075
0,1,1,1,1,0,0,0,0,0,1,0,0,1,0,0,0,2,1559
0,1,0,0,1,0,0,0,0,0,1,0,0,1,0,0,0,2,1559
0,1,0,0,1,0,0,0,0,0,1,0,0,1,0,0,0,2,1559
0,1,0,0,2,0,0,0,0,0,1,0,0,1,0,0,0,2,1559
0,1,0,0,3,0,0,0,1,0,0,0,0,1,0,0,0,1,1084
0,1,0,0,3,0,0,0,0,0,1,0,0,1,0,0,0,2,1559
1,1,1,1,4,0,0,0,0,0,1,0,0,1,0,0,0,2,1559
0,1,0,0,3,0,0,0,0,0,1,0,0,1,0,0,0,2,1559
1,1,1,1,2,0,0,1,0,0,0,0,0,1,0,0,0,1,1093
0,0,0,0,3,0,0,0,1,0,0,1,0,1,0,0,0,1,1097
0,1,0,0,4,0,0,0,0,1,0,0,0,1,0,0,0,1,1100
0,1,0,0,7,0,0,0,0,0,1,0,0,1,0,0,0,2,1559
0,0,0,0,3,0,0,1,0,0,0,0,0,1,0,0,0,1,1106
0,0,0,0,7,0,0,0,0,1,0,1,0,1,0,0,0,1,1107
0,0,0,0,7,1,0,0,0,0,0,0,0,1,0,0,0,1,1109
0,1,0,0,6,0,0,0,0,0,1,0,0,1,0,0,0,2,1559
0,1,0,0,4,0,0,0,0,1,0,0,0,1,0,0,0,1,1114
0,0,0,0,5,0,0,1,0,0,0,0,0,1,0,0,0,1,1117
0,1,0,0,5,0,1,0,0,0,0,0,1,1,0,0,0,1,1119
0,1,0,0,1,0,0,0,0,0,1,0,0,1,0,0,0,2,1560
0,1,0,0,1,0,0,0,0,0,1,0,0,1,0,0,0,2,1560
0,0,0,0,3,0,1,0,0,0,0,0,0,1,0,0,0,1,1127
0,1,0,0,6,0,0,0,0,0,1,0,0,1,0,0,0,2,1559
0,0,0,0,7,0,0,0,0,1,0,0,0,1,0,0,0,1,1130
0,0,0,0,3,0,0,0,0,1,0,0,1,1,0,0,0,1,1135
0,1,0,0,3,0,0,0,0,0,1,0,0,1,0,0,0,2,1560
0,1,0,0,2,0,0,0,0,0,1,0,0,1,0,0,0,2,1560
0,1,0,0,5,0,0,0,0,0,1,0,0,1,0,0,0,2,1560
0,1,0,0,3,0,0,0,0,1,0,0,0,1,0,0,0,1,1141
0,1,0,0,3,0,0,0,0,0,1,0,0,1,0,0,0,2,1560
0,0,0,0,3,0,0,0,1,0,0,0,0,1,0,0,0,1,1147
0,1,0,0,1,0,0,0,1,0,0,0,0,1,0,0,0,1,1149
0,0,0,0,7,0,0,1,0,0,0,0,0,1,0,0,0,1,1151
0,0,0,0,1,0,1,0,0,0,0,0,0,1,0,0,0,1,1153
0,1,0,0,5,0,0,0,1,0,0,0,0,1,0,0,0,1,1157
1,1,0,0,1,0,0,0,0,0,1,0,0,1,0,0,0,2,1561
0,1,1,1,5,0,0,0,0,0,1,0,0,1,0,0,0,2,1560
0,1,0,0,5,0,0,0,0,0,1,0,0,1,0,0,0,2,1560
0,1,0,0,5,0,0,0,0,1,0,0,0,1,0,0,0,1,1168
0,1,0,0,7,0,0,0,0,1,0,0,1,1,0,0,0,1,1170
0,1,1,1,7,0,0,0,0,1,0,0,0,1,0,0,0,1,1171
0,1,0,0,1,0,0,0,0,0,1,0,0,1,0,0,0,2,1561
0,1,0,0,6,0,0,0,0,0,1,0,0,1,0,0,0,2,1560
1,1,0,0,7,0,0,0,0,0,1,0,0,1,0,0,0,2,1560
0,1,0,0,3,0,0,0,1,0,0,0,0,1,0,0,0,1,1179
0,1,0,0,3,0,0,0,0,1,0,0,0,1,0,0,0,1,1181
0,1,0,0,4,0,0,0,0,0,0,0,1,1,0,0,0,1,1183
0,0,0,0,7,0,0,0,0,1,0,0,0,1,0,0,0,1,1184
0,0,0,0,1,0,0,0,0,0,1,1,0,1,0,0,0,2,1562
0,1,0,0,2,0,0,0,0,0,1,0,0,1,0,0,0,2,1561
0,1,0,0,5,0,0,0,0,1,0,0,0,1,0,0,0,1,1187
0,0,0,0,3,0,0,0,1,0,0,0,0,1,0,0,0,1,1189
0,0,1,0,5,0,0,0,1,0,0,0,0,1,0,0,0,1,1193
0,0,1,0,5,0,0,0,0,1,0,0,0,1,0,0,0,1,1195
0,1,0,0,3,0,0,0,0,0,1,1,0,1,0,0,0,2,1561
0,1,0,0,3,0,0,0,0,0,1,0,0,1,0,0,0,2,1561
0,0,0,0,5,0,0,1,0,0,0,0,0,1,0,0,0,1,1198
0,0,1,0,3,0,0,0,0,1,0,0,0,1,0,0,0,1,1200
1,1,1,1,4,0,0,0,0,0,1,0,0,1,0,0,0,2,1561
0,1,0,0,5,0,0,0,0,0,1,0,0,1,0,0,0,2,1561
0,0,0,0,4,0,0,0,1,0,0,0,0,1,0,0,0,1,1204
0,1,0,0,5,0,0,0,0,0,1,0,0,1,0,0,0,2,1561
0,0,0,0,3,0,0,0,0,1,0,0,0,1,0,0,0,1,1207
0,1,1,1,3,0,0,1,0,0,0,0,0,1,0,0,0,1,1211
0,1,0,0,6,0,0,0,0,0,1,0,0,1,0,0,0,2,1561
0,1,0,0,6,0,0,0,0,0,1,0,0,1,0,0,0,2,1561
0,0,0,0,6,0,0,0,0,0,0,0,1,1,0,0,0,1,1215
0,1,0,0,7,0,0,0,0,1,0,0,1,1,0,0,0,1,1216
1,1,1,1,7,0,0,0,0,0,1,0,0,1,0,0,0,2,1561
0,0,0,0,1,0,0,0,0,0,1,0,0,1,0,0,0,2,1562
0,0,0,0,5,0,0,0,1,0,0,0,0,1,0,0,0,1,1220
1,0,0,0,3,0,0,0,0,0,1,0,0,1,0,0,0,2,1562
0,1,0,0,7,0,0,0,0,1,0,0,0,1,0,0,0,1,1225
0,0,0,0,3,0,0,1,0,0,0,0,0,1,0,0,0,1,1226
0,0,0,0,5,0,0,0,0,0,1,0,0,1,0,0,0,2,1562
1,0,1,0,7,0,0,0,0,1,0,0,1,1,0,0,0,1,1228
0,0,1,0,4,0,0,0,0,0,1,0,0,1,0,0,0,2,1562
0,0,0,0,4,0,0,0,0,0,1,0,0,1,0,0,0,2,1562
0,1,0,0,7,0,0,0,0,0,0,0,1,1,0,0,0,1,1231
1,0,0,0,4,0,0,0,0,0,1,0,0,1,0,0,0,2,1562
0,1,0,0,7,0,0,0,1,0,0,0,0,1,0,0,0,1,1233
1,0,0,0,5,0,0,0,0,0,1,0,0,1,0,0,0,2,1562
0,0,0,0,7,0,0,0,0,1,0,0,0,1,0,0,0,1,1235
0,0,0,0,4,0,0,0,1,0,0,0,0,1,0,0,0,1,1236
0,1,0,0,7,0,0,0,1,0,0,0,1,1,0,0,0,1,1237
0,1,0,0,7,0,0,0,0,1,0,0,0,1,0,0,0,1,1238
0,0,0,0,5,0,0,0,0,1,0,0,0,1,0,0,0,1,1239
0,0,0,0,7,0,0,0,0,1,0,0,0,1,0,0,0,1,1242
0,0,0,0,6,0,0,0,0,0,1,0,0,1,0,0,0,2,1562
0,0,0,0,7,0,0,0,0,0,1,0,1,1,0,0,0,2,1562
0,1,0,0,1,0,0,0,0,0,1,0,0,1,0,0,0,2,1563
0,1,0,0,5,0,0,0,0,1,0,1,0,1,0,0,0,1,1251
0,1,0,0,7,0,0,0,0,1,0,0,0,1,0,0,0,1,1252
0,1,0,0,2,0,0,0,1,0,0,0,0,1,0,0,0,1,1253
0,0,0,0,1,0,1,0,0,0,0,0,0,1,0,0,0,1,1255
1,1,1,1,2,0,0,0,0,0,1,0,0,1,0,0,0,2,1563
0,1,0,0,3,1,0,0,0,0,0,0,0,1,0,0,0,1,1259
0,1,0,0,5,0,0,0,0,1,0,0,0,1,0,0,0,1,1260
0,1,0,0,4,0,0,0,0,1,0,0,0,1,0,0,0,1,1262
0,1,0,0,5,1,0,0,0,0,0,0,0,1,0,0,0,1,1263
0,1,1,1,1,0,1,0,0,0,0,0,0,1,0,0,0,1,1265
0,1,0,0,3,0,0,0,0,0,1,0,0,1,0,0,0,2,1563
1,1,0,0,4,0,0,0,0,0,1,0,0,1,0,0,0,2,1563
0,1,0,0,7,0,0,0,0,1,0,0,0,1,0,0,0,1,1268
0,1,0,0,5,0,0,0,0,0,1,0,0,1,0,0,0,2,1563
0,1,0,0,5,0,0,0,0,0,1,1,0,1,0,0,0,2,1563
1,1,0,0,5,0,0,0,0,0,1,0,0,1,0,0,0,2,1563
0,0,0,0,5,0,0,0,1,0,0,0,0,1,0,0,0,1,1276
0,0,0,0,3,0,0,0,0,1,0,0,0,1,0,0,0,1,1277
0,1,1,1,7,0,0,0,0,0,1,0,0,1,0,0,0,2,1563
0,1,0,0,3,0,0,0,1,0,0,0,0,1,0,0,0,1,1282
0,1,0,0,7,0,0,0,0,0,1,0,0,1,0,0,0,2,1563
0,0,0,0,2,0,0,0,0,0,0,0,1,1,0,0,0,1,1289
0,1,0,0,6,0,0,0,1,0,0,0,0,1,0,0,0,1,1292
0,1,0,0,1,0,0,1,0,0,0,0,0,1,0,0,0,1,1295
0,1,1,1,4,0,0,0,0,1,0,0,0,1,0,0,0,1,1296
0,0,0,0,3,0,0,0,1,0,0,0,0,1,0,0,0,1,1301
0,1,0,0,1,0,0,1,0,0,0,0,1,1,0,0,0,1,1304
0,0,1,0,3,0,0,0,0,1,0,0,0,1,0,0,0,1,1307
0,1,0,0,3,0,0,0,0,0,0,0,1,1,0,0,0,1,1310
0,1,0,0,5,0,0,0,1,0,0,0,0,1,0,0,0,1,1316
0,1,0,0,3,0,0,1,0,0,0,0,0,1,0,0,0,1,1317
0,1,0,0,3,0,0,0,1,0,0,0,0,1,0,0,0,1,1318
0,1,0,0,1,0,0,0,0,0,0,0,1,1,0,0,0,1,1322
0,1,0,0,3,0,0,0,1,0,0,0,0,1,0,0,0,1,1323
0,0,0,0,6,0,0,0,0,1,0,0,0,1,0,0,0,1,1327
0,1,0,0,5,0,0,1,0,0,0,0,0,1,0,0,0,1,1332
0,1,0,0,5,0,1,0,0,0,0,0,0,1,0,0,0,1,1337
0,1,0,0,7,0,0,0,1,0,0,0,0,1,0,0,0,1,1339
0,1,0,0,3,0,0,0,1,0,0,0,0,1,0,0,0,1,1340
0,0,0,0,3,0,0,1,0,0,0,0,0,1,0,0,0,1,1343
0,0,0,0,3,0,0,0,0,0,0,0,0,1,0,0,0,1,1345
0,0,0,0,1,0,1,0,0,0,0,0,0,1,0,0,0,1,1351
0,1,0,0,1,1,0,0,0,0,0,0,0,1,0,0,0,1,1358
0,0,0,0,2,0,0,0,0,1,0,0,0,1,0,0,0,1,1359
0,0,0,0,3,0,0,0,0,0,0,0,1,1,0,0,0,1,1364
0,1,0,0,3,0,0,1,0,0,0,0,0,1,0,0,0,1,1365
0,1,1,1,3,0,0,1,0,0,0,0,0,1,0,0,0,1,1368
0,0,0,0,5,0,0,0,0,0,0,0,1,1,0,0,0,1,1375
0,0,0,0,3,0,0,1,0,0,0,0,0,1,0,0,0,1,1391
0,0,0,0,3,0,1,0,0,0,0,0,0,1,0,0,0,1,1405
0,0,0,0,1,0,0,1,0,0,0,0,0,1,0,0,0,1,1408
0,1,1,1,5,0,0,0,1,0,0,0,1,1,0,0,0,1,1417
0,1,0,0,4,0,1,0,0,0,0,0,0,1,0,0,0,1,1418
0,0,0,0,7,0,0,1,0,0,0,0,0,1,0,0,0,1,1420
0,0,0,0,4,0,0,0,0,1,0,0,0,1,0,0,0,1,1427
1,1,0,0,1,0,0,0,0,1,0,0,0,1,0,0,0,1,1433
0,1,0,0,2,0,0,0,0,1,0,0,0,1,0,0,0,1,1436
1,1,1,1,3,0,0,0,0,1,0,0,0,1,0,0,0,1,1438
0,1,0,0,3,0,0,0,0,1,0,0,0,1,0,0,0,1,1440
0,0,0,0,3,0,0,0,0,1,0,0,0,1,0,0,0,1,1442
0,1,0,0,1,0,0,0,0,0,1,0,0,0,1,0,0,2,1564
0,1,1,1,2,0,0,0,0,0,1,0,0,0,1,0,0,2,1564
0,1,0,0,3,0,0,0,0,0,1,0,0,0,1,0,0,2,1564
0,1,1,1,3,0,0,0,0,0,1,0,0,0,1,0,0,2,1564
0,1,1,1,4,0,0,0,0,0,1,0,0,0,1,0,0,2,1564
0,1,0,0,4,0,0,0,0,0,1,0,0,0,1,0,0,2,1564
0,1,0,0,1,0,0,0,0,0,1,0,0,0,1,0,0,2,1565
0,1,0,0,4,0,0,0,0,0,1,1,0,0,1,0,0,2,1564
0,1,0,0,5,0,0,0,0,0,1,0,0,0,1,0,0,2,1564
0,1,0,0,5,0,0,0,0,0,1,0,0,0,1,0,0,2,1564
0,1,0,0,5,0,0,0,0,0,1,0,0,0,1,0,0,2,1564
0,1,0,0,1,0,0,0,0,0,1,0,0,0,1,0,0,2,1565
0,1,0,0,1,0,0,0,0,0,1,0,0,0,1,0,0,2,1565
0,1,0,0,1,0,0,0,0,0,1,0,0,0,1,0,0,2,1565
0,1,0,0,6,0,0,0,0,0,1,0,0,0,1,0,0,2,1564
1,1,0,0,3,0,0,0,0,0,1,0,0,0,1,0,0,2,1565
0,1,0,0,3,0,0,0,0,0,1,0,0,0,1,0,0,2,1565
0,1,0,0,2,0,0,0,0,0,1,0,0,0,1,0,0,2,1565
0,1,0,0,3,0,0,0,0,0,1,0,0,0,1,0,0,2,1565
0,1,1,1,4,0,0,0,0,0,1,0,0,0,1,0,0,2,1565
0,1,0,0,5,0,0,0,0,0,1,0,0,0,1,0,0,2,1565
0,1,1,1,5,0,0,0,0,0,1,0,0,0,1,0,0,2,1565
0,1,0,0,6,0,0,0,0,0,1,0,0,0,1,0,0,2,1565
0,1,0,0,5,0,0,0,0,0,1,0,0,0,1,0,0,2,1565
1,1,0,0,6,0,0,0,0,0,1,0,0,0,1,0,0,2,1565
0,1,0,0,7,0,0,0,0,0,1,0,0,0,1,0,0,2,1565
1,1,1,1,1,0,0,0,0,0,1,0,0,0,1,0,0,2,1566
0,1,0,0,7,0,0,0,0,0,1,0,0,0,1,0,0,2,1565
1,1,1,1,1,0,0,0,0,0,1,0,0,0,1,0,0,2,1566
0,1,0,0,7,0,0,0,0,0,1,0,0,0,1,0,0,2,1565
0,1,1,1,3,0,0,0,0,0,1,0,0,0,1,0,0,2,1566
0,1,0,0,3,0,0,0,0,0,1,0,0,0,1,0,0,2,1566
0,1,0,0,5,0,0,0,0,0,1,0,1,0,1,0,0,2,1566
0,1,1,1,5,0,0,0,0,0,1,0,0,0,1,0,0,2,1566
0,1,0,0,6,0,0,0,0,0,1,0,0,0,1,0,0,2,1566
0,1,0,0,6,0,0,0,0,0,1,0,0,0,1,0,0,2,1566
0,1,0,0,4,0,0,0,0,0,1,0,0,0,1,0,0,2,1566
0,1,0,0,5,0,0,0,0,0,1,0,0,0,1,0,0,2,1566
0,1,0,0,4,0,0,0,0,0,1,0,0,0,1,0,0,2,1566
0,1,0,0,7,0,0,0,0,0,1,0,0,0,1,0,0,2,1566
0,1,0,0,7,0,0,0,0,0,1,0,0,0,1,0,0,2,1566
0,1,0,0,6,0,0,0,0,0,1,0,0,0,1,0,0,2,1566
1,1,1,1,7,0,0,0,0,0,1,0,0,0,1,0,0,2,1566
0,0,0,0,1,0,0,0,0,0,1,0,0,0,1,0,0,2,1567
0,1,0,0,7,0,0,0,0,0,1,0,1,0,1,0,0,2,1566
0,0,0,0,1,0,0,0,0,0,1,0,0,0,1,0,0,2,1567
0,0,0,0,3,0,0,0,0,0,1,0,0,0,1,0,0,2,1567
0,0,0,0,3,0,0,0,0,0,1,0,0,0,1,0,0,2,1567
0,0,0,0,3,0,0,0,0,0,1,0,0,0,1,0,0,2,1567
0,0,0,0,3,0,0,0,0,0,1,0,0,0,1,0,0,2,1567
1,0,1,0,4,0,0,0,0,0,1,0,0,0,1,0,0,2,1567
0,0,0,0,3,0,0,0,0,0,1,0,0,0,1,0,0,2,1567
0,0,0,0,6,0,0,0,0,0,1,0,0,0,1,0,0,2,1567
1,0,1,0,4,0,0,0,0,0,1,0,0,0,1,0,0,2,1567
0,0,0,0,5,0,0,0,0,0,1,0,0,0,1,0,0,2,1567
0,0,0,0,5,0,0,0,0,0,1,0,0,0,1,0,0,2,1567
0,0,0,0,5,0,0,0,0,0,1,0,0,0,1,0,0,2,1567
0,0,0,0,5,0,0,0,0,0,1,0,0,0,1,0,0,2,1567
0,0,0,0,6,0,0,0,0,0,1,0,1,0,1,0,0,2,1567
0,0,1,0,6,0,0,0,0,0,1,0,0,0,1,0,0,2,1567
0,0,0,0,6,0,0,0,0,0,1,0,0,0,1,0,0,2,1567
0,0,0,0,7,0,0,0,0,0,1,1,0,0,1,0,0,2,1567
0,0,0,0,7,0,0,0,0,0,1,0,0,0,1,0,0,2,1567
1,1,1,1,1,0,0,0,0,0,1,0,0,0,1,0,0,2,1568
1,1,0,0,1,0,0,0,0,0,1,0,0,0,1,0,0,2,1568
0,1,0,0,3,0,0,0,0,0,1,0,0,0,1,0,0,2,1568
0,1,0,0,3,0,0,0,0,0,1,0,0,0,1,0,0,2,1568
0,1,0,0,5,0,0,0,0,0,1,0,0,0,1,0,0,2,1568
0,1,0,0,4,0,0,0,0,0,1,0,0,0,1,0,0,2,1568
0,1,0,0,4,0,0,0,0,0,1,0,0,0,1,0,0,2,1568
0,1,0,0,4,0,0,0,0,0,1,0,0,0,1,0,0,2,1568
0,1,0,0,4,0,0,0,0,0,1,0,0,0,1,0,0,2,1568
0,1,0,0,4,0,0,0,0,0,1,0,0,0,1,0,0,2,1568
0,1,0,0,5,0,0,0,0,0,1,0,0,0,1,0,0,2,1568
0,0,0,0,1,0,0,0,0,0,1,1,0,0,1,0,0,2,1571
0,1,1,1,5,0,0,0,0,0,1,0,0,0,1,0,0,2,1568
0,1,0,0,5,0,0,0,0,0,1,0,0,0,1,0,0,2,1568
1,1,0,0,6,0,0,0,0,0,1,0,0,0,1,0,0,2,1568
0,1,0,0,5,0,0,0,0,0,1,0,0,0,1,0,0,2,1568
1,1,0,0,6,0,0,0,0,0,1,0,0,0,1,0,0,2,1568
0,1,0,0,6,0,0,0,0,0,1,0,0,0,1,0,0,2,1568
1,1,0,0,7,0,0,0,0,0,1,1,0,0,1,0,0,2,1568
0,0,0,0,1,0,0,0,0,0,1,0,0,0,1,0,0,2,1571
0,1,0,0,6,0,0,0,0,0,1,0,0,0,1,0,0,2,1568
0,1,0,0,7,0,0,0,0,0,1,0,0,0,1,0,0,2,1568
0,1,0,0,3,0,0,0,0,0,1,0,0,0,1,0,0,2,1569
0,1,0,0,1,0,0,0,0,0,1,0,0,0,1,0,0,2,1569
1,1,1,1,7,0,0,0,0,0,1,0,0,0,1,0,0,2,1568
0,1,1,1,7,0,0,0,0,0,1,0,0,0,1,0,0,2,1568
0,1,0,0,2,0,0,0,0,0,1,0,0,0,1,0,0,2,1569
0,1,0,0,7,0,0,0,0,0,1,0,0,0,1,0,0,2,1568
1,1,1,1,3,0,0,0,0,0,1,0,0,0,1,0,0,2,1569
0,1,0,0,2,0,0,0,0,0,1,0,0,0,1,0,0,2,1569
1,1,0,0,5,0,0,0,0,0,1,0,0,0,1,0,0,2,1569
0,1,1,1,4,0,0,0,0,0,1,0,0,0,1,0,0,2,1569
1,1,0,0,6,0,0,0,0,0,1,0,0,0,1,0,0,2,1569
0,1,0,0,6,0,0,0,0,0,1,0,0,0,1,0,0,2,1569
0,0,0,0,1,0,0,0,0,0,1,0,0,0,1,0,0,2,1571
0,1,0,0,7,0,0,0,0,0,1,0,0,0,1,0,0,2,1569
0,1,1,1,1,0,0,0,0,0,1,0,1,0,1,0,0,2,1570
0,0,0,0,1,0,0,0,0,0,1,0,0,0,1,0,0,2,1571
0,1,0,0,3,0,0,0,0,0,1,0,1,0,1,0,0,2,1570
0,1,1,1,3,0,0,0,0,0,1,0,0,0,1,0,0,2,1570
0,1,0,0,3,0,0,0,0,0,1,0,0,0,1,0,0,2,1570
0,1,0,0,3,0,0,0,0,0,1,0,0,0,1,0,0,2,1570
0,1,0,0,3,0,0,0,0,0,1,0,0,0,1,0,0,2,1570
0,1,1,1,4,0,0,0,0,0,1,0,0,0,1,0,0,2,1570
0,1,0,0,4,0,0,0,0,0,1,0,0,0,1,0,0,2,1570
0,1,0,0,4,0,0,0,0,0,1,0,0,0,1,0,0,2,1570
0,1,0,0,4,0,0,0,0,0,1,0,0,0,1,0,0,2,1570
0,1,1,1,5,0,0,0,0,0,1,0,0,0,1,0,0,2,1570
0,1,0,0,5,0,0,0,0,0,1,0,0,0,1,0,0,2,1570
0,1,0,0,5,0,0,0,0,0,1,0,0,0,1,0,0,2,1570
0,1,0,0,6,0,0,0,0,0,1,0,0,0,1,0,0,2,1570
0,1,0,0,6,0,0,0,0,0,1,0,0,0,1,0,0,2,1570
0,1,0,0,5,0,0,0,0,0,1,0,0,0,1,0,0,2,1570
0,1,0,0,5,0,0,0,0,0,1,0,0,0,1,0,0,2,1570
0,1,0,0,6,0,0,0,0,0,1,0,0,0,1,0,0,2,1570
0,1,0,0,5,0,0,0,0,0,1,0,0,0,1,0,0,2,1570
0,1,0,0,7,0,0,0,0,0,1,0,0,0,1,0,0,2,1570
0,1,0,0,5,0,0,0,0,0,1,0,0,0,1,0,0,2,1570
0,0,0,0,4,0,0,0,0,0,1,0,0,0,1,0,0,2,1571
0,0,0,0,4,0,0,0,0,0,1,0,0,0,1,0,0,2,1571
0,0,1,0,5,0,0,0,0,0,1,0,0,0,1,0,0,2,1571
0,0,0,0,5,0,0,0,0,0,1,0,0,0,1,0,0,2,1571
0,0,1,0,5,0,0,0,0,0,1,0,0,0,1,0,0,2,1571
1,0,0,0,6,0,0,0,0,0,1,0,0,0,1,0,0,2,1571
0,0,0,0,7,0,0,0,0,0,1,0,0,0,1,0,0,2,1571
0,0,0,0,7,0,0,0,0,0,1,0,0,0,1,0,0,2,1571
1,0,0,0,7,0,0,0,0,0,1,0,0,0,1,0,0,2,1571
0,1,0,0,4,0,0,0,0,0,1,0,0,0,1,0,0,2,1572
1,1,1,1,3,0,0,0,0,0,1,0,0,0,1,0,0,2,1572
1,1,0,0,3,0,0,0,0,0,1,0,0,0,1,0,0,2,1572
0,1,0,0,4,0,0,0,0,0,1,0,0,0,1,0,0,2,1572
0,1,0,0,5,0,0,0,0,0,1,0,0,0,1,0,0,2,1572
0,1,0,0,4,0,0,0,0,0,1,0,0,0,1,0,0,2,1572
0,1,0,0,4,0,0,0,0,0,1,0,0,0,1,0,0,2,1572
1,1,1,1,6,0,0,0,0,0,1,0,0,0,1,0,0,2,1572
0,1,0,0,7,0,0,0,0,0,1,0,0,0,1,0,0,2,1572
0,1,0,0,7,0,0,0,0,0,1,0,0,0,1,0,0,2,1572
0,1,0,0,7,0,0,0,0,0,1,0,0,0,1,0,0,2,1572
0,1,0,0,7,0,0,0,0,0,1,0,0,0,1,0,0,2,1572
0,1,0,0,3,0,0,0,0,0,1,0,0,0,1,0,0,2,1573
1,1,0,0,1,0,0,0,0,0,1,0,0,0,1,0,0,2,1573
0,1,0,0,3,0,0,0,0,0,1,0,0,0,1,0,0,2,1573
0,1,0,0,4,0,0,0,0,0,1,1,0,0,1,0,0,2,1573
0,1,0,0,4,0,0,0,0,0,1,0,0,0,1,0,0,2,1573
0,1,0,0,4,0,0,0,0,0,1,0,0,0,1,0,0,2,1573
0,1,0,0,5,0,0,0,0,0,1,0,0,0,1,0,0,2,1573
0,1,0,0,1,0,0,0,0,0,1,0,0,0,1,0,0,2,1574
0,1,0,0,6,0,0,0,0,0,1,0,0,0,1,0,0,2,1573
0,1,0,0,6,0,0,0,0,0,1,0,0,0,1,0,0,2,1573
1,1,1,1,7,0,0,0,0,0,1,0,0,0,1,0,0,2,1573
0,1,0,0,6,0,0,0,0,0,1,0,0,0,1,0,0,2,1573
0,1,0,0,1,0,0,0,0,0,1,0,0,0,1,0,0,2,1574
0,1,0,0,7,0,0,0,0,0,1,0,0,0,1,0,0,2,1573
0,1,0,0,7,0,0,0,0,0,1,0,0,0,1,0,0,2,1573
0,1,0,0,1,0,0,0,0,0,1,0,0,0,1,0,0,2,1574
0,1,0,0,1,0,0,0,0,0,1,1,0,0,1,0,0,2,1574
1,1,0,0,3,0,0,0,0,0,1,0,0,0,1,0,0,2,1574
0,1,0,0,2,0,0,0,0,0,1,0,0,0,1,0,0,2,1574
0,1,0,0,3,0,0,0,0,0,1,0,0,0,1,0,0,2,1574
0,1,1,1,3,0,0,0,0,0,1,0,0,0,1,0,0,2,1574
0,1,0,0,3,0,0,0,0,0,1,0,0,0,1,0,0,2,1574
0,1,1,1,3,0,0,0,0,0,1,0,0,0,1,0,0,2,1574
0,1,1,1,4,0,0,0,0,0,1,0,0,0,1,0,0,2,1574
0,1,0,0,4,0,0,0,0,0,1,0,0,0,1,0,0,2,1574
0,1,0,0,5,0,0,0,0,0,1,0,0,0,1,0,0,2,1574
0,1,0,0,5,0,0,0,0,0,1,0,0,0,1,0,0,2,1574
0,1,1,1,6,0,0,0,0,0,1,0,0,0,1,0,0,2,1574
0,1,0,0,6,0,0,0,0,0,1,0,0,0,1,0,0,2,1574
0,1,0,0,6,0,0,0,0,0,1,0,0,0,1,0,0,2,1574
0,1,0,0,6,0,0,0,0,0,1,0,0,0,1,0,0,2,1574
1,1,1,1,6,0,0,0,0,0,1,0,0,0,1,0,0,2,1574
0,1,0,0,7,0,0,0,0,0,1,0,0,0,1,0,0,2,1574
1,1,1,1,6,0,0,0,0,0,1,0,0,0,1,0,0,2,1574
0,1,0,0,7,0,0,0,0,0,1,0,0,0,1,0,0,2,1574
0,0,0,0,3,0,0,0,0,0,1,0,0,0,1,0,0,2,1575
0,0,0,0,3,0,0,0,0,0,1,0,0,0,1,0,0,2,1575
0,0,0,0,3,0,0,0,0,0,1,0,0,0,1,0,0,2,1575
0,0,0,0,1,0,0,0,0,0,1,0,0,0,1,0,0,2,1575
0,0,0,0,1,0,0,0,0,0,1,0,0,0,1,0,0,2,1575
0,0,0,0,1,0,0,0,0,0,1,0,0,0,1,0,0,2,1575
0,0,0,0,4,0,0,0,0,0,1,0,0,0,1,0,0,2,1575
0,0,0,0,4,0,0,0,0,0,1,0,0,0,1,0,0,2,1575
0,0,0,0,5,0,0,0,0,0,1,1,0,0,1,0,0,2,1575
1,0,0,0,4,0,0,0,0,0,1,0,0,0,1,0,0,2,1575
0,0,0,0,5,0,0,0,0,0,1,0,0,0,1,0,0,2,1575
0,0,0,0,5,0,0,0,0,0,1,0,0,0,1,0,0,2,1575
0,0,0,0,5,0,0,0,0,0,1,0,0,0,1,0,0,2,1575
1,0,1,0,6,0,0,0,0,0,1,0,0,0,1,0,0,2,1575
0,1,0,0,1,0,0,0,0,0,1,0,0,0,1,0,0,2,1576
0,0,0,0,7,0,0,0,0,0,1,0,0,0,1,0,0,2,1575
0,1,0,0,1,0,0,0,0,0,1,0,0,0,1,0,0,2,1576
0,1,0,0,1,0,0,0,0,0,1,0,0,0,1,0,0,2,1576
1,1,0,0,1,0,0,0,0,0,1,0,0,0,1,0,0,2,1576
0,1,1,1,3,0,0,0,0,0,1,0,0,0,1,0,0,2,1576
0,1,0,0,4,0,0,0,0,0,1,0,0,0,1,0,0,2,1576
0,1,0,0,5,0,0,0,0,0,1,0,0,0,1,0,0,2,1576
0,1,0,0,5,0,0,0,0,0,1,0,0,0,1,0,0,2,1576
0,1,0,0,5,0,0,0,0,0,1,0,0,0,1,0,0,2,1576
0,1,0,0,5,0,0,0,0,0,1,0,0,0,1,0,0,2,1576
0,1,0,0,4,0,0,0,0,0,1,0,0,0,1,0,0,2,1576
0,1,0,0,4,0,0,0,0,0,1,0,0,0,1,0,0,2,1576
0,1,0,0,6,0,0,0,0,0,1,0,0,0,1,0,0,2,1576
0,1,0,0,6,0,0,0,0,0,1,0,0,0,1,0,0,2,1576
0,1,0,0,6,0,0,0,0,0,1,0,0,0,1,0,0,2,1576
0,1,1,1,6,0,0,0,0,0,1,0,0,0,1,0,0,2,1576
0,1,0,0,6,0,0,0,0,0,1,0,0,0,1,0,0,2,1576
1,1,0,0,7,0,0,0,0,0,1,0,0,0,1,0,0,2,1576
1,1,0,0,7,0,0,0,0,0,1,0,0,0,1,0,0,2,1576
0,1,0,0,7,0,0,0,0,0,1,0,0,0,1,0,0,2,1576
0,1,0,0,7,0,0,0,0,0,1,0,0,0,1,0,0,2,1576
1,1,0,0,1,0,0,0,0,0,1,0,0,0,1,0,0,2,1577
0,1,0,0,1,0,0,0,0,0,1,0,0,0,1,0,0,2,1577
0,1,0,0,3,0,0,0,0,0,1,0,0,0,1,0,0,2,1577
0,1,0,0,4,0,0,0,0,0,1,0,0,0,1,0,0,2,1577
0,1,1,1,4,0,0,0,0,0,1,0,0,0,1,0,0,2,1577
0,1,0,0,5,0,0,0,0,0,1,0,0,0,1,0,0,2,1577
0,1,1,1,5,0,0,0,0,0,1,0,0,0,1,0,0,2,1577
0,1,0,0,5,0,0,0,0,0,1,0,0,0,1,0,0,2,1577
0,1,0,0,5,0,0,0,0,0,1,0,0,0,1,0,0,2,1577
0,1,0,0,7,0,0,0,0,0,1,0,0,0,1,0,0,2,1577
0,1,1,1,1,0,0,0,0,0,1,0,0,0,0,1,0,2,1578
0,1,0,0,2,0,0,0,0,0,1,0,0,0,0,1,0,2,1578
0,1,0,0,2,0,0,0,0,0,1,0,0,0,0,1,0,2,1578
0,1,0,0,2,0,0,0,0,0,1,0,0,0,0,1,0,2,1578
1,1,0,0,1,0,0,0,0,0,1,0,0,0,0,1,0,2,1578
0,1,0,0,3,0,0,0,0,0,1,0,0,0,0,1,0,2,1578
0,1,0,0,3,0,0,0,0,0,1,0,0,0,0,1,0,2,1578
0,1,0,0,4,0,0,0,0,0,1,0,0,0,0,1,0,2,1578
0,1,0,0,4,0,0,0,0,0,1,0,0,0,0,1,0,2,1578
1,1,1,1,4,0,0,0,0,0,1,0,0,0,0,1,0,2,1578
1,1,0,0,4,0,0,0,0,0,1,0,1,0,0,1,0,2,1578
0,1,0,0,4,0,0,0,0,0,1,0,0,0,0,1,0,2,1578
0,1,0,0,5,0,0,0,0,0,1,0,0,0,0,1,0,2,1578
0,1,0,0,5,0,0,0,0,0,1,0,1,0,0,1,0,2,1578
0,1,1,1,6,0,0,0,0,0,1,0,0,0,0,1,0,2,1578
0,1,0,0,6,0,0,0,0,0,1,0,0,0,0,1,0,2,1578
1,1,1,1,6,0,0,0,0,0,1,0,0,0,0,1,0,2,1578
0,1,0,0,7,0,0,0,0,0,1,0,0,0,0,1,0,2,1578
1,0,0,0,3,0,0,0,0,0,1,0,0,0,0,1,0,2,1579
0,0,0,0,2,0,0,0,0,0,1,0,0,0,0,1,0,2,1579
0,1,0,0,8,0,0,0,0,0,1,0,0,0,0,1,0,2,1578
0,0,0,0,1,0,0,0,0,0,1,0,0,0,0,1,0,2,1579
0,0,0,0,2,0,0,0,0,0,1,0,0,0,0,1,0,2,1579
0,0,1,0,3,0,0,0,0,0,1,0,0,0,0,1,0,2,1579
0,0,0,0,3,0,0,0,0,0,1,0,0,0,0,1,0,2,1579
0,0,0,0,4,0,0,0,0,0,1,0,0,0,0,1,0,2,1579
1,0,0,0,5,0,0,0,0,0,1,0,0,0,0,1,0,2,1579
1,0,0,0,4,0,0,0,0,0,1,0,0,0,0,1,0,2,1579
1,0,0,0,5,0,0,0,0,0,1,0,0,0,0,1,0,2,1579
1,0,0,0,4,0,0,0,0,0,1,0,0,0,0,1,0,2,1579
0,0,0,0,4,0,0,0,0,0,1,0,0,0,0,1,0,2,1579
0,0,0,0,5,0,0,0,0,0,1,0,0,0,0,1,0,2,1579
0,0,1,0,6,0,0,0,0,0,1,0,0,0,0,1,0,2,1579
1,0,0,0,6,0,0,0,0,0,1,0,0,0,0,1,0,2,1579
0,0,0,0,6,0,0,0,0,0,1,0,0,0,0,1,0,2,1579
0,0,0,0,7,0,0,0,0,0,1,0,0,0,0,1,0,2,1579
0,0,0,0,6,0,0,0,0,0,1,0,0,0,0,1,0,2,1579
1,0,0,0,6,0,0,0,0,0,1,0,0,0,0,1,0,2,1579
1,0,1,0,7,0,0,0,0,0,1,0,0,0,0,1,0,2,1579
1,0,1,0,7,0,0,0,0,0,1,0,0,0,0,1,0,2,1579
1,0,0,0,8,0,0,0,0,0,1,0,0,0,0,1,0,2,1579
0,0,0,0,8,0,0,0,0,0,1,0,0,0,0,1,0,2,1579
0,1,0,0,1,0,0,0,0,0,1,0,0,0,0,1,0,2,1580
0,1,0,0,1,0,0,0,0,0,1,0,0,0,0,1,0,2,1580
0,1,0,0,2,0,0,0,0,0,1,0,0,0,0,1,0,2,1580
0,1,0,0,1,0,0,0,0,0,1,0,0,0,0,1,0,2,1580
0,1,0,0,2,0,0,0,0,0,1,0,0,0,0,1,0,2,1580
0,1,0,0,2,0,0,0,0,0,1,0,0,0,0,1,0,2,1580
0,1,0,0,3,0,0,0,0,0,1,0,0,0,0,1,0,2,1580
0,1,0,0,3,0,0,0,0,0,1,0,0,0,0,1,0,2,1580
0,1,0,0,3,0,0,0,0,0,1,0,0,0,0,1,0,2,1580
0,1,0,0,4,0,0,0,0,0,1,0,0,0,0,1,0,2,1580
1,1,0,0,4,0,0,0,0,0,1,0,0,0,0,1,0,2,1580
1,1,1,1,5,0,0,0,0,0,1,0,0,0,0,1,0,2,1580
1,1,1,1,5,0,0,0,0,0,1,0,0,0,0,1,0,2,1580
1,1,0,0,7,0,0,0,0,0,1,0,0,0,0,1,0,2,1580
1,1,0,0,6,0,0,0,0,0,1,0,0,0,0,1,0,2,1580
1,1,0,0,7,0,0,0,0,0,1,0,0,0,0,1,0,2,1580
1,1,0,0,6,0,0,0,0,0,1,0,0,0,0,1,0,2,1580
1,1,0,0,6,0,0,0,0,0,1,0,0,0,0,1,0,2,1580
1,1,0,0,7,0,0,0,0,0,1,0,0,0,0,1,0,2,1580
1,1,0,0,7,0,0,0,0,0,1,0,0,0,0,1,0,2,1580
0,1,0,0,7,0,0,0,0,0,1,0,1,0,0,1,0,2,1580
1,1,0,0,8,0,0,0,0,0,1,0,0,0,0,1,0,2,1580
1,1,0,0,1,0,0,0,0,0,1,0,0,0,0,1,0,2,1581
1,1,0,0,1,0,0,0,0,0,1,0,0,0,0,1,0,2,1581
1,1,1,1,1,0,0,0,0,0,1,1,0,0,0,1,0,2,1581
0,1,0,0,1,0,0,0,0,0,1,0,0,0,0,1,0,2,1581
0,1,0,0,2,0,0,0,0,0,1,0,0,0,0,1,0,2,1581
0,1,0,0,2,0,0,0,0,0,1,0,0,0,0,1,0,2,1581
1,1,1,1,2,0,0,0,0,0,1,0,0,0,0,1,0,2,1581
0,1,0,0,3,0,0,0,0,0,1,0,1,0,0,1,0,2,1581
0,1,0,0,5,0,0,0,0,0,1,0,0,0,0,1,0,2,1581
0,1,0,0,3,0,0,0,0,0,1,1,0,0,0,1,0,2,1581
0,1,0,0,3,0,0,0,0,0,1,0,0,0,0,1,0,2,1581
1,1,1,1,4,0,0,0,0,0,1,0,0,0,0,1,0,2,1581
0,1,0,0,4,0,0,0,0,0,1,0,0,0,0,1,0,2,1581
0,1,0,0,4,0,0,0,0,0,1,0,0,0,0,1,0,2,1581
0,1,0,0,4,0,0,0,0,0,1,0,0,0,0,1,0,2,1581
0,1,0,0,4,0,0,0,0,0,1,1,0,0,0,1,0,2,1581
1,1,0,0,5,0,0,0,0,0,1,0,0,0,0,1,0,2,1581
1,1,0,0,5,0,0,0,0,0,1,0,0,0,0,1,0,2,1581
1,1,0,0,5,0,0,0,0,0,1,0,0,0,0,1,0,2,1581
0,1,0,0,6,0,0,0,0,0,1,0,0,0,0,1,0,2,1581
0,1,0,0,7,0,0,0,0,0,1,0,0,0,0,1,0,2,1581
0,1,0,0,6,0,0,0,0,0,1,0,0,0,0,1,0,2,1581
1,1,0,0,7,0,0,0,0,0,1,0,0,0,0,1,0,2,1581
0,1,0,0,6,0,0,0,0,0,1,0,0,0,0,1,0,2,1581
0,1,0,0,7,0,0,0,0,0,1,0,0,0,0,1,0,2,1581
0,1,0,0,7,0,0,0,0,0,1,0,0,0,0,1,0,2,1581
0,1,0,0,7,0,0,0,0,0,1,0,0,0,0,1,0,2,1581
0,1,1,1,7,0,0,0,0,0,1,1,0,0,0,1,0,2,1581
1,1,0,0,8,0,0,0,0,0,1,0,0,0,0,1,0,2,1581
1,1,1,1,8,0,0,0,0,0,1,0,0,0,0,1,0,2,1581
0,1,0,0,1,0,0,0,0,0,1,1,0,0,0,1,0,2,1582
1,1,0,0,2,0,0,0,0,0,1,0,0,0,0,1,0,2,1582
1,1,0,0,1,0,0,0,0,0,1,0,0,0,0,1,0,2,1582
0,1,0,0,2,0,0,0,0,0,1,0,0,0,0,1,0,2,1582
1,1,0,0,2,0,0,0,0,0,1,0,0,0,0,1,0,2,1582
0,1,0,0,2,0,0,0,0,0,1,0,0,0,0,1,0,2,1582
0,1,0,0,3,0,0,0,0,0,1,0,0,0,0,1,0,2,1582
1,1,0,0,3,0,0,0,0,0,1,0,0,0,0,1,0,2,1582
0,1,0,0,3,0,0,0,0,0,1,0,0,0,0,1,0,2,1582
1,1,1,1,4,0,0,0,0,0,1,0,0,0,0,1,0,2,1582
0,1,0,0,5,0,0,0,0,0,1,0,0,0,0,1,0,2,1582
0,1,0,0,7,0,0,0,0,0,1,0,0,0,0,1,0,2,1582
0,0,0,0,1,0,0,0,0,0,1,0,0,0,0,1,0,2,1583
0,0,0,0,1,0,0,0,0,0,1,0,0,0,0,1,0,2,1583
1,1,0,0,7,0,0,0,0,0,1,0,0,0,0,1,0,2,1582
0,0,0,0,1,0,0,0,0,0,1,0,0,0,0,1,0,2,1583
1,0,0,0,1,0,0,0,0,0,1,0,0,0,0,1,0,2,1583
1,1,0,0,7,0,0,0,0,0,1,0,0,0,0,1,0,2,1582
1,0,0,0,1,0,0,0,0,0,1,0,0,0,0,1,0,2,1583
1,1,0,0,7,0,0,0,0,0,1,0,0,0,0,1,0,2,1582
1,1,0,0,8,0,0,0,0,0,1,0,0,0,0,1,0,2,1582
0,0,0,0,5,0,0,0,0,0,1,0,0,0,0,1,0,2,1583
1,0,0,0,5,0,0,0,0,0,1,0,0,0,0,1,0,2,1583
1,0,0,0,5,0,0,0,0,0,1,0,0,0,0,1,0,2,1583
0,0,0,0,3,0,0,0,0,0,1,0,0,0,0,1,0,2,1583
0,0,0,0,5,0,0,0,0,0,1,0,0,0,0,1,0,2,1583
0,0,0,0,6,0,0,0,0,0,1,0,0,0,0,1,0,2,1583
0,0,0,0,6,0,0,0,0,0,1,0,0,0,0,1,0,2,1583
0,0,0,0,4,0,0,0,0,0,1,0,0,0,0,1,0,2,1583
0,0,0,0,4,0,0,0,0,0,1,0,0,0,0,1,0,2,1583
0,0,0,0,4,0,0,0,0,0,1,0,0,0,0,1,0,2,1583
0,0,0,0,4,0,0,0,0,0,1,0,0,0,0,1,0,2,1583
0,0,0,0,6,0,0,0,0,0,1,0,0,0,0,1,0,2,1583
0,0,0,0,7,0,0,0,0,0,1,0,0,0,0,1,0,2,1583
1,0,0,0,7,0,0,0,0,0,1,0,0,0,0,1,0,2,1583
0,0,0,0,7,0,0,0,0,0,1,0,0,0,0,1,0,2,1583
0,0,1,0,7,0,0,0,0,0,1,0,0,0,0,1,0,2,1583
0,1,0,0,1,0,0,0,0,0,1,0,0,0,0,1,0,2,1584
0,1,1,1,1,0,0,0,0,0,1,0,0,0,0,1,0,2,1584
1,1,0,0,1,0,0,0,0,0,1,0,0,0,0,1,0,2,1584
0,1,1,1,2,0,0,0,0,0,1,0,0,0,0,1,0,2,1584
0,1,1,1,2,0,0,0,0,0,1,0,0,0,0,1,0,2,1584
1,1,0,0,1,0,0,0,0,0,1,0,0,0,0,1,0,2,1584
1,1,1,1,2,0,0,0,0,0,1,0,0,0,0,1,0,2,1584
0,1,0,0,5,0,0,0,0,0,1,0,0,0,0,1,0,2,1584
0,1,0,0,2,0,0,0,0,0,1,0,0,0,0,1,0,2,1584
0,1,0,0,5,0,0,0,0,0,1,0,0,0,0,1,0,2,1584
0,1,0,0,2,0,0,0,0,0,1,0,0,0,0,1,0,2,1584
1,1,0,0,6,0,0,0,0,0,1,0,0,0,0,1,0,2,1584
1,1,0,0,3,0,0,0,0,0,1,1,0,0,0,1,0,2,1584
1,1,0,0,2,0,0,0,0,0,1,0,0,0,0,1,0,2,1584
0,1,0,0,7,0,0,0,0,0,1,0,0,0,0,1,0,2,1584
1,1,0,0,3,0,0,0,0,0,1,0,0,0,0,1,0,2,1584
0,1,0,0,7,0,0,0,0,0,1,0,0,0,0,1,0,2,1584
0,1,0,0,7,0,0,0,0,0,1,0,0,0,0,1,0,2,1584
0,1,0,0,8,0,0,0,0,0,1,0,0,0,0,1,0,2,1584
1,1,0,0,6,0,0,0,0,0,1,0,0,0,0,1,0,2,1584
0,1,0,0,1,0,0,0,0,0,1,0,0,0,0,1,0,2,1585
0,1,0,0,1,0,0,0,0,0,1,0,0,0,0,1,0,2,1585
0,1,0,0,7,0,0,0,0,0,1,0,0,0,0,1,0,2,1584
0,1,0,0,3,0,0,0,0,0,1,0,0,0,0,1,0,2,1585
1,1,1,1,1,0,0,0,0,0,1,0,0,0,0,1,0,2,1586
0,1,0,0,3,0,0,0,0,0,1,0,0,0,0,1,0,2,1585
0,1,0,0,6,0,0,0,0,0,1,0,0,0,0,1,0,2,1585
0,1,1,1,3,0,0,0,0,0,1,0,0,0,0,1,0,2,1585
0,1,0,0,5,0,0,0,0,0,1,0,0,0,0,1,0,2,1585
0,1,0,0,3,0,0,0,0,0,1,0,0,0,0,1,0,2,1585
0,1,0,0,5,0,0,0,0,0,1,0,0,0,0,1,0,2,1585
0,1,0,0,3,0,0,0,0,0,1,0,0,0,0,1,0,2,1585
0,1,0,0,6,0,0,0,0,0,1,0,0,0,0,1,0,2,1585
1,1,0,0,6,0,0,0,0,0,1,0,0,0,0,1,0,2,1585
1,1,1,1,4,0,0,0,0,0,1,0,0,0,0,1,0,2,1585
0,1,0,0,5,0,0,0,0,0,1,0,0,0,0,1,0,2,1585
0,1,0,0,1,0,0,0,0,0,1,0,0,0,0,1,0,2,1586
0,1,0,0,6,0,0,0,0,0,1,0,0,0,0,1,0,2,1585
0,1,0,0,7,0,0,0,0,0,1,0,0,0,0,1,0,2,1585
1,1,0,0,7,0,0,0,0,0,1,0,0,0,0,1,0,2,1585
0,1,0,0,7,0,0,0,0,0,1,0,0,0,0,1,0,2,1585
0,1,1,1,2,0,0,0,0,0,1,0,0,0,0,1,0,2,1586
1,1,0,0,3,0,0,0,0,0,1,0,0,0,0,1,0,2,1586
0,1,0,0,2,0,0,0,0,0,1,0,0,0,0,1,0,2,1586
0,1,0,0,3,0,0,0,0,0,1,0,0,0,0,1,0,2,1586
0,1,0,0,3,0,0,0,0,0,1,0,0,0,0,1,0,2,1586
0,1,0,0,5,0,0,0,0,0,1,0,0,0,0,1,0,2,1586
1,1,0,0,6,0,0,0,0,0,1,0,0,0,0,1,0,2,1586
0,1,0,0,5,0,0,0,0,0,1,0,0,0,0,1,0,2,1586
1,1,0,0,6,0,0,0,0,0,1,0,0,0,0,1,0,2,1586
0,1,1,1,7,0,0,0,0,0,1,0,0,0,0,1,0,2,1586
0,1,0,0,7,0,0,0,0,0,1,0,0,0,0,1,0,2,1586
1,1,0,0,8,0,0,0,0,0,1,0,0,0,0,1,0,2,1586
0,0,1,0,1,0,0,0,0,0,1,0,0,0,0,1,0,2,1587
1,0,0,0,3,0,0,0,0,0,1,0,0,0,0,1,0,2,1587
0,0,0,0,2,0,0,0,0,0,1,0,0,0,0,1,0,2,1587
0,0,0,0,2,0,0,0,0,0,1,0,0,0,0,1,0,2,1587
0,0,0,0,2,0,0,0,0,0,1,0,0,0,0,1,0,2,1587
0,0,0,0,3,0,0,0,0,0,1,0,0,0,0,1,0,2,1587
0,0,0,0,2,0,0,0,0,0,1,0,0,0,0,1,0,2,1587
0,0,0,0,3,0,0,0,0,0,1,0,0,0,0,1,0,2,1587
0,0,0,0,4,0,0,0,0,0,1,0,0,0,0,1,0,2,1587
1,0,0,0,3,0,0,0,0,0,1,0,0,0,0,1,0,2,1587
0,0,0,0,4,0,0,0,0,0,1,0,0,0,0,1,0,2,1587
0,0,0,0,2,0,0,0,0,0,1,0,0,0,0,1,0,2,1587
0,0,0,0,4,0,0,0,0,0,1,0,0,0,0,1,0,2,1587
1,0,0,0,4,0,0,0,0,0,1,0,0,0,0,1,0,2,1587
0,0,0,0,5,0,0,0,0,0,1,0,0,0,0,1,0,2,1587
0,0,1,0,4,0,0,0,0,0,1,0,0,0,0,1,0,2,1587
0,0,0,0,5,0,0,0,0,0,1,1,0,0,0,1,0,2,1587
1,0,0,0,5,0,0,0,0,0,1,0,0,0,0,1,0,2,1587
0,0,0,0,6,0,0,0,0,0,1,0,0,0,0,1,0,2,1587
0,0,0,0,7,0,0,0,0,0,1,0,0,0,0,1,0,2,1587
1,0,0,0,7,0,0,0,0,0,1,0,0,0,0,1,0,2,1587
0,0,0,0,6,0,0,0,0,0,1,0,1,0,0,1,0,2,1587
0,0,0,0,6,0,0,0,0,0,1,0,0,0,0,1,0,2,1587
0,0,0,0,7,0,0,0,0,0,1,0,0,0,0,1,0,2,1587
0,0,0,0,6,0,0,0,0,0,1,0,0,0,0,1,0,2,1587
1,1,0,0,1,0,0,0,0,0,1,0,0,0,0,1,0,2,1588
1,0,0,0,7,0,0,0,0,0,1,0,0,0,0,1,0,2,1587
0,1,1,1,2,0,0,0,0,0,1,0,0,0,0,1,0,2,1588
0,1,0,0,3,0,0,0,0,0,1,0,0,0,0,1,0,2,1588
1,1,1,1,2,0,0,0,0,0,1,0,0,0,0,1,0,2,1588
1,1,0,0,3,0,0,0,0,0,1,0,0,0,0,1,0,2,1588
0,1,0,0,3,0,0,0,0,0,1,0,0,0,0,1,0,2,1588
0,1,0,0,4,0,0,0,0,0,1,0,0,0,0,1,0,2,1588
0,1,1,1,4,0,0,0,0,0,1,0,0,0,0,1,0,2,1588
0,1,0,0,6,0,0,0,0,0,1,0,0,0,0,1,0,2,1588
1,1,0,0,5,0,0,0,0,0,1,0,1,0,0,1,0,2,1588
0,1,0,0,1,0,0,0,0,0,1,0,0,0,0,1,0,2,1590
1,1,0,0,3,0,0,0,0,0,1,0,0,0,0,1,0,2,1589
1,1,0,0,3,0,0,0,0,0,1,0,0,0,0,1,0,2,1589
0,1,0,0,4,0,0,0,0,0,1,0,0,0,0,1,0,2,1589
1,1,1,1,4,0,0,0,0,0,1,0,0,0,0,1,0,2,1589
1,1,0,0,5,0,0,0,0,0,1,0,0,0,0,1,0,2,1589
0,1,0,0,5,0,0,0,0,0,1,0,0,0,0,1,0,2,1589
0,1,0,0,5,0,0,0,0,0,1,0,0,0,0,1,0,2,1589
0,1,0,0,5,0,0,0,0,0,1,0,0,0,0,1,0,2,1589
0,1,0,0,6,0,0,0,0,0,1,0,0,0,0,1,0,2,1589
0,1,0,0,7,0,0,0,0,0,1,0,0,0,0,1,0,2,1589
0,1,0,0,6,0,0,0,0,0,1,0,0,0,0,1,0,2,1589
0,1,0,0,1,0,0,0,0,0,1,0,0,0,0,1,0,2,1590
0,1,0,0,2,0,0,0,0,0,1,0,0,0,0,1,0,2,1590
1,1,0,0,2,0,0,0,0,0,1,0,0,0,0,1,0,2,1590
0,1,0,0,2,0,0,0,0,0,1,0,1,0,0,1,0,2,1590
1,1,0,0,3,0,0,0,0,0,1,0,0,0,0,1,0,2,1590
0,1,0,0,5,0,0,0,0,0,1,0,0,0,0,1,0,2,1590
1,1,1,1,6,0,0,0,0,0,1,0,0,0,0,1,0,2,1590
0,1,0,0,5,0,0,0,0,0,1,0,0,0,0,1,0,2,1590
0,1,0,0,5,0,0,0,0,0,1,0,0,0,0,1,0,2,1590
1,1,1,1,5,0,0,0,0,0,1,0,0,0,0,1,0,2,1590
0,1,0,0,6,0,0,0,0,0,1,0,0,0,0,1,0,2,1590
1,1,0,0,5,0,0,0,0,0,1,0,0,0,0,1,0,2,1590
0,1,0,0,6,0,0,0,0,0,1,0,0,0,0,1,0,2,1590
1,1,0,0,6,0,0,0,0,0,1,1,0,0,0,1,0,2,1590
0,1,1,1,7,0,0,0,0,0,1,0,0,0,0,1,0,2,1590
0,1,0,0,6,0,0,0,0,0,1,0,0,0,0,1,0,2,1590
0,1,0,0,7,0,0,0,0,0,1,0,0,0,0,1,0,2,1590
1,1,0,0,7,0,0,0,0,0,1,0,0,0,0,1,0,2,1590
0,1,0,0,6,0,0,0,0,0,1,0,0,0,0,1,0,2,1590
0,0,0,0,3,0,0,0,0,0,1,0,0,0,0,1,0,2,1591
1,1,1,1,8,0,0,0,0,0,1,0,0,0,0,1,0,2,1590
0,0,0,0,2,0,0,0,0,0,1,0,0,0,0,1,0,2,1591
0,0,0,0,3,0,0,0,0,0,1,0,0,0,0,1,0,2,1591
0,0,0,0,5,0,0,0,0,0,1,0,0,0,0,1,0,2,1591
1,0,0,0,4,0,0,0,0,0,1,1,0,0,0,1,0,2,1591
1,0,0,0,4,0,0,0,0,0,1,1,0,0,0,1,0,2,1591
1,0,1,0,4,0,0,0,0,0,1,0,0,0,0,1,0,2,1591
0,0,0,0,5,0,0,0,0,0,1,0,0,0,0,1,0,2,1591
0,0,0,0,5,0,0,0,0,0,1,0,0,0,0,1,0,2,1591
0,0,0,0,6,0,0,0,0,0,1,0,0,0,0,1,0,2,1591
0,0,0,0,6,0,0,0,0,0,1,0,0,0,0,1,0,2,1591
1,0,1,0,6,0,0,0,0,0,1,0,0,0,0,1,0,2,1591
0,0,0,0,6,0,0,0,0,0,1,0,0,0,0,1,0,2,1591
0,0,1,0,7,0,0,0,0,0,1,1,0,0,0,1,0,2,1591
0,0,0,0,7,0,0,0,0,0,1,0,0,0,0,1,0,2,1591
1,0,0,0,7,0,0,0,0,0,1,0,0,0,0,1,0,2,1591
0,1,0,0,1,0,0,0,0,0,1,0,0,0,0,0,1,2,1592
0,1,0,0,2,0,0,0,0,0,1,0,0,0,0,0,1,2,1592
1,1,0,0,2,0,0,0,0,0,1,0,0,0,0,0,1,2,1592
0,1,0,0,2,0,0,0,0,0,1,0,0,0,0,0,1,2,1592
0,1,0,0,2,0,0,0,0,0,1,0,0,0,0,0,1,2,1592
0,1,1,1,3,0,0,0,0,0,1,0,0,0,0,0,1,2,1592
0,1,0,0,3,0,0,0,0,0,1,0,0,0,0,0,1,2,1592
0,0,0,0,1,0,0,0,0,0,1,0,1,0,0,0,1,2,1593
0,0,0,0,2,0,0,0,0,0,1,0,1,0,0,0,1,2,1593
0,0,0,0,1,0,0,0,0,0,1,0,0,0,0,0,1,2,1593
0,1,0,0,3,0,0,0,0,0,1,0,0,0,0,0,1,2,1592
0,0,1,0,2,0,0,0,0,0,1,0,0,0,0,0,1,2,1593
0,0,1,0,3,0,0,0,0,0,1,0,0,0,0,0,1,2,1593
0,0,0,0,2,0,0,0,0,0,1,0,1,0,0,0,1,2,1593
0,0,0,0,2,0,0,0,0,0,1,0,0,0,0,0,1,2,1593
1,0,1,0,3,0,0,0,0,0,1,0,0,0,0,0,1,2,1593
0,0,0,0,3,0,0,0,0,0,1,0,0,0,0,0,1,2,1593
0,0,0,0,4,0,0,0,0,0,1,0,0,0,0,0,1,2,1593
0,0,0,0,3,0,0,0,0,0,1,0,0,0,0,0,1,2,1593
0,0,0,0,3,0,0,0,0,0,1,0,0,0,0,0,1,2,1593
0,0,0,0,3,0,0,0,0,0,1,0,0,0,0,0,1,2,1593
0,0,0,0,4,0,0,0,0,0,1,0,0,0,0,0,1,2,1593
0,0,0,0,7,0,0,0,0,0,1,0,0,0,0,0,1,2,1593
0,0,0,0,6,0,0,0,0,0,1,0,0,0,0,0,1,2,1593
0,0,0,0,7,0,0,0,0,0,1,0,0,0,0,0,1,2,1593
0,0,0,0,7,0,0,0,0,0,1,0,0,0,0,0,1,2,1593
0,1,0,0,1,0,0,0,0,0,1,0,0,0,0,0,1,2,1594
0,0,1,0,7,0,0,0,0,0,1,0,0,0,0,0,1,2,1593
0,0,1,0,7,0,0,0,0,0,1,0,0,0,0,0,1,2,1593
0,1,0,0,2,0,0,0,0,0,1,0,0,0,0,0,1,2,1594
0,1,0,0,2,0,0,0,0,0,1,0,0,0,0,0,1,2,1594
0,1,0,0,4,0,0,0,0,0,1,0,0,0,0,0,1,2,1594
0,1,0,0,4,0,0,0,0,0,1,1,0,0,0,0,1,2,1594
0,1,0,0,3,0,0,0,0,0,1,0,0,0,0,0,1,2,1594
1,1,1,1,3,0,0,0,0,0,1,0,0,0,0,0,1,2,1594
1,1,0,0,3,0,0,0,0,0,1,0,0,0,0,0,1,2,1594
0,1,0,0,2,0,0,0,0,0,1,0,0,0,0,0,1,2,1594
0,1,0,0,7,0,0,0,0,0,1,0,0,0,0,0,1,2,1594
0,1,0,0,6,0,0,0,0,0,1,0,0,0,0,0,1,2,1594
0,1,0,0,6,0,0,0,0,0,1,0,0,0,0,0,1,2,1594
0,1,0,0,7,0,0,0,0,0,1,0,0,0,0,0,1,2,1594
0,1,0,0,7,0,0,0,0,0,1,0,0,0,0,0,1,2,1594
0,1,0,0,7,0,0,0,0,0,1,0,0,0,0,0,1,2,1594
1,0,1,0,1,0,0,0,0,0,1,0,0,0,0,0,1,2,1595
1,1,1,1,7,0,0,0,0,0,1,0,0,0,0,0,1,2,1594
0,0,0,0,3,0,0,0,0,0,1,0,0,0,0,0,1,2,1595
0,0,1,0,2,0,0,0,0,0,1,0,0,0,0,0,1,2,1595
0,0,0,0,2,0,0,0,0,0,1,0,0,0,0,0,1,2,1595
0,0,0,0,2,0,0,0,0,0,1,0,0,0,0,0,1,2,1595
0,0,0,0,3,0,0,0,0,0,1,0,0,0,0,0,1,2,1595
0,0,0,0,4,0,0,0,0,0,1,0,0,0,0,0,1,2,1595
0,0,1,0,6,0,0,0,0,0,1,0,0,0,0,0,1,2,1595
0,0,1,0,4,0,0,0,0,0,1,0,0,0,0,0,1,2,1595
0,1,0,0,1,0,0,0,0,0,1,0,0,0,0,0,1,2,1596
0,1,0,0,1,0,0,0,0,0,1,0,0,0,0,0,1,2,1596
0,0,1,0,6,0,0,0,0,0,1,0,0,0,0,0,1,2,1595
0,0,0,0,6,0,0,0,0,0,1,0,0,0,0,0,1,2,1595
0,1,0,0,2,0,0,0,0,0,1,0,0,0,0,0,1,2,1596
0,1,0,0,2,0,0,0,0,0,1,0,0,0,0,0,1,2,1596
1,1,1,1,2,0,0,0,0,0,1,0,0,0,0,0,1,2,1596
0,1,0,0,3,0,0,0,0,0,1,0,0,0,0,0,1,2,1596
0,1,0,0,3,0,0,0,0,0,1,0,0,0,0,0,1,2,1596
0,1,0,0,4,0,0,0,0,0,1,0,0,0,0,0,1,2,1596
1,1,1,1,4,0,0,0,0,0,1,0,0,0,0,0,1,2,1596
0,1,0,0,3,0,0,0,0,0,1,0,0,0,0,0,1,2,1596
0,1,0,0,4,0,0,0,0,0,1,0,0,0,0,0,1,2,1596
0,1,0,0,4,0,0,0,0,0,1,0,0,0,0,0,1,2,1596
0,1,0,0,6,0,0,0,0,0,1,0,0,0,0,0,1,2,1596
0,0,0,0,1,0,0,0,0,0,1,0,0,0,0,0,1,2,1597
0,0,0,0,1,0,0,0,0,0,1,0,0,0,0,0,1,2,1597
0,0,0,0,1,0,0,0,0,0,1,0,0,0,0,0,1,2,1597
0,0,0,0,1,0,0,0,0,0,1,0,0,0,0,0,1,2,1597
0,0,0,0,1,0,0,0,0,0,1,0,0,0,0,0,1,2,1597
0,0,1,0,2,0,0,0,0,0,1,0,0,0,0,0,1,2,1597
0,0,0,0,2,0,0,0,0,0,1,0,0,0,0,0,1,2,1597
0,0,0,0,3,0,0,0,0,0,1,0,1,0,0,0,1,2,1597
0,0,0,0,3,0,0,0,0,0,1,0,0,0,0,0,1,2,1597
0,0,0,0,3,0,0,0,0,0,1,0,0,0,0,0,1,2,1597
0,0,0,0,3,0,0,0,0,0,1,0,0,0,0,0,1,2,1597
0,0,0,0,4,0,0,0,0,0,1,0,0,0,0,0,1,2,1597
0,0,0,0,4,0,0,0,0,0,1,1,0,0,0,0,1,2,1597
0,0,1,0,4,0,0,0,0,0,1,0,0,0,0,0,1,2,1597
0,0,1,0,6,0,0,0,0,0,1,0,0,0,0,0,1,2,1597
0,0,0,0,6,0,0,0,0,0,1,0,0,0,0,0,1,2,1597
0,0,0,0,4,0,0,0,0,0,1,0,0,0,0,0,1,2,1597
0,0,0,0,6,0,0,0,0,0,1,0,0,0,0,0,1,2,1597
0,1,0,0,1,0,0,0,0,0,1,0,0,0,0,0,1,2,1598
0,1,1,1,1,0,0,0,0,0,1,0,0,0,0,0,1,2,1598
0,0,0,0,7,0,0,0,0,0,1,0,0,0,0,0,1,2,1597
0,1,0,0,1,0,0,0,0,0,1,0,0,0,0,0,1,2,1598
0,1,0,0,1,0,0,0,0,0,1,0,0,0,0,0,1,2,1598
0,1,0,0,1,0,0,0,0,0,1,0,0,0,0,0,1,2,1598
0,1,1,1,1,0,0,0,0,0,1,0,0,0,0,0,1,2,1598
0,1,0,0,2,0,0,0,0,0,1,0,0,0,0,0,1,2,1598
0,1,0,0,2,0,0,0,0,0,1,0,0,0,0,0,1,2,1598
1,1,1,1,2,0,0,0,0,0,1,0,0,0,0,0,1,2,1598
0,1,0,0,2,0,0,0,0,0,1,0,0,0,0,0,1,2,1598
0,1,0,0,2,0,0,0,0,0,1,0,0,0,0,0,1,2,1598
0,1,1,1,3,0,0,0,0,0,1,0,0,0,0,0,1,2,1598
0,1,0,0,3,0,0,0,0,0,1,0,0,0,0,0,1,2,1598
0,1,0,0,4,0,0,0,0,0,1,0,0,0,0,0,1,2,1598
1,0,0,0,1,0,0,0,0,0,1,0,0,0,0,0,1,2,1599
0,0,1,0,1,0,0,0,0,0,1,0,0,0,0,0,1,2,1599
0,1,0,0,4,0,0,0,0,0,1,0,0,0,0,0,1,2,1598
0,1,0,0,4,0,0,0,0,0,1,0,0,0,0,0,1,2,1598
0,0,0,0,1,0,0,0,0,0,1,0,0,0,0,0,1,2,1599
0,1,1,1,4,0,0,0,0,0,1,0,0,0,0,0,1,2,1598
0,1,0,0,4,0,0,0,0,0,1,0,0,0,0,0,1,2,1598
0,0,0,0,1,0,0,0,0,0,1,0,0,0,0,0,1,2,1599
0,1,1,1,7,0,0,0,0,0,1,0,0,0,0,0,1,2,1598
0,1,0,0,7,0,0,0,0,0,1,0,0,0,0,0,1,2,1598
0,0,0,0,2,0,0,0,0,0,1,0,0,0,0,0,1,2,1599
0,0,0,0,3,0,0,0,0,0,1,0,1,0,0,0,1,2,1599
0,0,0,0,2,0,0,0,0,0,1,0,0,0,0,0,1,2,1599
1,1,0,0,1,0,0,0,0,0,1,0,0,0,0,0,1,2,1600
0,0,0,0,3,0,0,0,0,0,1,0,1,0,0,0,1,2,1599
0,0,0,0,2,0,0,0,0,0,1,0,1,0,0,0,1,2,1599
0,0,0,0,3,0,0,0,0,0,1,0,0,0,0,0,1,2,1599
0,0,0,0,4,0,0,0,0,0,1,0,0,0,0,0,1,2,1599
0,0,0,0,2,0,0,0,0,0,1,0,0,0,0,0,1,2,1599
0,0,1,0,3,0,0,0,0,0,1,0,0,0,0,0,1,2,1599
0,0,0,0,6,0,0,0,0,0,1,0,0,0,0,0,1,2,1599
0,1,1,1,1,0,0,0,0,0,1,0,0,0,0,0,1,2,1600
0,0,0,0,6,0,0,0,0,0,1,0,0,0,0,0,1,2,1599
0,0,0,0,7,0,0,0,0,0,1,0,1,0,0,0,1,2,1599
0,0,0,0,7,0,0,0,0,0,1,0,0,0,0,0,1,2,1599
0,0,0,0,7,0,0,0,0,0,1,0,0,0,0,0,1,2,1599
0,0,0,0,7,0,0,0,0,0,1,0,0,0,0,0,1,2,1599
0,1,0,0,1,0,0,0,0,0,1,0,0,0,0,0,1,2,1600
0,1,0,0,1,0,0,0,0,0,1,0,0,0,0,0,1,2,1600
1,1,0,0,3,0,0,0,0,0,1,0,0,0,0,0,1,2,1600
0,1,0,0,2,0,0,0,0,0,1,0,0,0,0,0,1,2,1600
0,1,0,0,3,0,0,0,0,0,1,0,0,0,0,0,1,2,1600
0,1,0,0,3,0,0,0,0,0,1,0,0,0,0,0,1,2,1600
0,1,0,0,3,0,0,0,0,0,1,0,0,0,0,0,1,2,1600
0,1,0,0,2,0,0,0,0,0,1,0,0,0,0,0,1,2,1600
0,1,0,0,3,0,0,0,0,0,1,0,0,0,0,0,1,2,1600
0,1,0,0,3,0,0,0,0,0,1,0,0,0,0,0,1,2,1600
0,1,0,0,2,0,0,0,0,0,1,0,0,0,0,0,1,2,1600
1,1,1,1,4,0,0,0,0,0,1,0,0,0,0,0,1,2,1600
0,1,0,0,6,0,0,0,0,0,1,0,0,0,0,0,1,2,1600
0,1,0,0,6,0,0,0,0,0,1,0,0,0,0,0,1,2,1600
0,1,0,0,6,0,0,0,0,0,1,1,0,0,0,0,1,2,1600
0,1,1,1,6,0,0,0,0,0,1,0,0,0,0,0,1,2,1600
0,1,0,0,7,0,0,0,0,0,1,0,0,0,0,0,1,2,1600
0,1,0,0,7,0,0,0,0,0,1,0,0,0,0,0,1,2,1600
0,1,0,0,7,0,0,0,0,0,1,0,0,0,0,0,1,2,1600
0,0,0,0,1,0,0,0,0,0,1,0,0,0,0,0,1,2,1601
0,0,0,0,1,0,0,0,0,0,1,0,0,0,0,0,1,2,1601
0,0,1,0,1,0,0,0,0,0,1,0,0,0,0,0,1,2,1601
0,0,0,0,1,0,0,0,0,0,1,0,0,0,0,0,1,2,1601
1,0,0,0,2,0,0,0,0,0,1,0,0,0,0,0,1,2,1601
1,0,0,0,2,0,0,0,0,0,1,0,0,0,0,0,1,2,1601
0,0,0,0,3,0,0,0,0,0,1,0,0,0,0,0,1,2,1601
0,0,0,0,3,0,0,0,0,0,1,0,0,0,0,0,1,2,1601
0,0,0,0,4,0,0,0,0,0,1,0,0,0,0,0,1,2,1601
0,0,0,0,4,0,0,0,0,0,1,0,0,0,0,0,1,2,1601
0,0,0,0,4,0,0,0,0,0,1,0,0,0,0,0,1,2,1601
1,1,1,1,1,0,0,0,0,0,1,0,0,0,0,0,1,2,1602
0,1,1,1,1,0,0,0,0,0,1,0,0,0,0,0,1,2,1602
0,0,0,0,6,0,0,0,0,0,1,0,0,0,0,0,1,2,1601
1,1,1,1,1,0,0,0,0,0,1,0,0,0,0,0,1,2,1602
0,1,0,0,1,0,0,0,0,0,1,0,0,0,0,0,1,2,1602
0,1,0,0,3,0,0,0,0,0,1,0,0,0,0,0,1,2,1602
0,1,0,0,2,0,0,0,0,0,1,0,0,0,0,0,1,2,1602
0,0,0,0,6,0,0,0,0,0,1,0,0,0,0,0,1,2,1601
0,1,0,0,3,0,0,0,0,0,1,0,0,0,0,0,1,2,1602
0,1,0,0,3,0,0,0,0,0,1,0,0,0,0,0,1,2,1602
0,1,0,0,3,0,0,0,0,0,1,0,0,0,0,0,1,2,1602
1,1,1,1,4,0,0,0,0,0,1,0,0,0,0,0,1,2,1602
0,1,0,0,4,0,0,0,0,0,1,0,0,0,0,0,1,2,1602
0,1,1,1,2,0,0,0,0,0,1,0,0,0,0,0,1,2,1602
0,1,0,0,4,0,0,0,0,0,1,0,0,0,0,0,1,2,1602
0,1,0,0,6,0,0,0,0,0,1,0,0,0,0,0,1,2,1602
0,0,1,0,1,0,0,0,0,0,1,0,1,0,0,0,1,2,1603
0,0,0,0,2,0,0,0,0,0,1,0,0,0,0,0,1,2,1603
0,0,0,0,1,0,0,0,0,0,1,0,0,0,0,0,1,2,1603
0,1,0,0,6,0,0,0,0,0,1,0,0,0,0,0,1,2,1602
0,0,1,0,2,0,0,0,0,0,1,0,0,0,0,0,1,2,1603
0,0,0,0,2,0,0,0,0,0,1,0,0,0,0,0,1,2,1603
0,0,0,0,2,0,0,0,0,0,1,0,0,0,0,0,1,2,1603
0,0,0,0,3,0,0,0,0,0,1,0,0,0,0,0,1,2,1603
0,0,0,0,3,0,0,0,0,0,1,0,0,0,0,0,1,2,1603
0,0,0,0,3,0,0,0,0,0,1,0,0,0,0,0,1,2,1603
0,1,0,0,1,0,0,0,0,0,1,0,0,0,0,0,1,2,1604
0,1,0,0,1,0,0,0,0,0,1,0,0,0,0,0,1,2,1604
1,1,1,1,1,0,0,0,0,0,1,0,0,0,0,0,1,2,1604
0,1,1,1,1,0,0,0,0,0,1,0,0,0,0,0,1,2,1604
1,1,1,1,3,0,0,0,0,0,1,0,0,0,0,0,1,2,1604
1,1,1,1,1,0,0,0,0,0,1,0,0,0,0,0,1,2,1604
0,1,0,0,2,0,0,0,0,0,1,0,0,0,0,0,1,2,1604
0,1,0,0,3,0,0,0,0,0,1,0,0,0,0,0,1,2,1604
0,1,1,1,4,0,0,0,0,0,1,0,1,0,0,0,1,2,1604
0,0,0,0,1,0,0,0,0,0,1,0,0,0,0,0,1,2,1605
0,1,0,0,6,0,0,0,0,0,1,0,0,0,0,0,1,2,1604
0,1,0,0,6,0,0,0,0,0,1,0,0,0,0,0,1,2,1604
0,1,0,0,6,0,0,0,0,0,1,0,0,0,0,0,1,2,1604
0,0,0,0,1,0,0,0,0,0,1,0,0,0,0,0,1,2,1605
0,1,1,1,7,0,0,0,0,0,1,0,0,0,0,0,1,2,1604
0,0,0,0,1,0,0,0,0,0,1,0,0,0,0,0,1,2,1605
1,0,1,0,2,0,0,0,0,0,1,0,0,0,0,0,1,2,1605
0,1,0,0,7,0,0,0,0,0,1,0,0,0,0,0,1,2,1604
0,0,0,0,2,0,0,0,0,0,1,0,0,0,0,0,1,2,1605
